event_id,year,cas_mode,strike_mode,cas_age,cas_gender
4401753,2015,pedestrian,motorcycle,78,female
4401849,2015,pedestrian,truck,47,female
4401915,2015,pedestrian,truck,50,male
4402013,2015,pedestrian,motorcycle,55,male
4402075,2015,motorcycle,NOV,38,male
4402098,2015,pedestrian,car,64,female
4402109,2015,pedestrian,motorcycle,52,male
4402139,2015,pedestrian,bus,62,female
4402171,2015,cycle,car,19,male
4402176,2015,motorcycle,truck,48,male
4402257,2015,cycle,car,64,male
4402468,2015,pedestrian,motorcycle,81,male
4402584,2015,pedestrian,motorcycle,70,male
4402593,2015,pedestrian,car,28,female
4402683,2015,pedestrian,bus,78,male
4402687,2015,motorcycle,bus,22,male
4402687,2015,motorcycle,bus,24,male
4402875,2015,pedestrian,motorcycle,60,male
4402902,2015,pedestrian,car,49,female
4402973,2015,motorcycle,truck,34,male
4402980,2015,motorcycle,NOV,33,male
4403056,2015,motorcycle,car,28,female
4403138,2015,pedestrian,bus,78,male
4403247,2015,motorcycle,bus,57,male
4403318,2015,pedestrian,motorcycle,68,male
4403362,2015,pedestrian,bus,63,male
4403486,2015,pedestrian,truck,70,male
4403516,2015,pedestrian,bus,39,male
4403687,2015,motorcycle,car,20,male
4403690,2015,motorcycle,car,27,male
4403810,2015,pedestrian,bus,65,male
4403872,2015,pedestrian,bus,59,female
4403903,2015,pedestrian,motorcycle,83,male
4403981,2015,pedestrian,car,92,male
4404210,2015,cycle,motorcycle,17,male
4404213,2015,cycle,NOV,69,male
4404637,2015,pedestrian,car,68,female
4404659,2015,pedestrian,car,58,male
4404739,2015,motorcycle,NOV,24,male
4404782,2015,pedestrian,motorcycle,21,female
4404915,2015,motorcycle,NOV,28,male
4404934,2015,car,NOV,44,male
4405077,2015,pedestrian,bus,63,female
4405219,2015,pedestrian,truck,50,female
4405227,2015,pedestrian,motorcycle,71,male
4405393,2015,pedestrian,car,76,male
4405429,2015,pedestrian,truck,42,male
4405472,2015,pedestrian,motorcycle,20,male
4405489,2015,motorcycle,truck,24,male
4405572,2015,pedestrian,car,64,female
4405715,2015,motorcycle,truck,21,female
4405728,2015,pedestrian,car,73,male
4405835,2015,motorcycle,bus,23,female
4405963,2015,cycle,bus,51,male
4405967,2015,cycle,truck,74,male
4405993,2015,pedestrian,car,50,female
4406054,2015,pedestrian,bus,57,male
4406178,2015,motorcycle,bus,25,male
4406183,2015,motorcycle,truck,22,male
4406307,2015,bus,NOV,23,male
4406720,2015,motorcycle,truck,24,male
4406724,2015,motorcycle,motorcycle,25,male
4406724,2015,motorcycle,motorcycle,22,male
4406823,2015,car,car,67,female
4406945,2015,pedestrian,motorcycle,76,male
4406951,2015,motorcycle,car,43,male
4407143,2015,motorcycle,truck,30,male
4407444,2015,motorcycle,bus,30,male
4407491,2015,motorcycle,NOV,32,male
4407539,2015,bus,NOV,15,male
4407876,2015,pedestrian,motorcycle,83,male
4408060,2015,pedestrian,car,1,female
4408099,2015,pedestrian,truck,55,female
4408136,2015,motorcycle,car,24,female
4408449,2015,cycle,bus,64,male
4408465,2015,pedestrian,truck,37,male
4408466,2015,pedestrian,truck,20,male
4408623,2015,pedestrian,motorcycle,64,male
4408670,2015,motorcycle,truck,49,male
4408729,2015,motorcycle,motorcycle,23,male
4408740,2015,motorcycle,truck,46,male
4408755,2015,pedestrian,bus,31,male
4408760,2015,motorcycle,bus,15,male
4408764,2015,pedestrian,NOV,41,male
4408892,2015,pedestrian,truck,50,male
4408982,2015,motorcycle,car,29,male
4408999,2015,bus,NOV,26,male
4409077,2015,motorcycle,truck,27,male
4409079,2015,pedestrian,truck,32,female
4409090,2015,motorcycle,motorcycle,37,female
4409094,2015,pedestrian,motorcycle,82,female
4409690,2015,motorcycle,NOV,22,male
4409745,2015,pedestrian,truck,71,female
4409746,2015,pedestrian,bus,38,female
4409787,2015,cycle,truck,53,male
4409847,2015,pedestrian,car,79,male
4409904,2015,cycle,NOV,9,female
4409909,2015,cycle,NOV,22,male
4409966,2015,motorcycle,car,43,male
4410301,2015,cycle,car,25,male
4410302,2015,cycle,motorcycle,46,male
4410308,2015,cycle,truck,19,male
4410310,2015,bus,NOV,52,female
4410311,2015,pedestrian,car,66,female
4410318,2015,pedestrian,motorcycle,54,male
4410322,2015,cycle,car,29,male
4410408,2015,pedestrian,bus,30,male
4410458,2015,pedestrian,car,62,female
4410460,2015,car,car,48,male
4410462,2015,motorcycle,bus,50,male
4410465,2015,pedestrian,car,60,male
4410465,2015,pedestrian,car,50,male
4410465,2015,pedestrian,car,45,male
4410465,2015,pedestrian,car,85,male
4410470,2015,pedestrian,truck,66,male
4410494,2015,pedestrian,bus,18,male
4410759,2015,car,bus,55,male
4410776,2015,pedestrian,bus,33,male
4410791,2015,pedestrian,cycle,85,female
4410794,2015,pedestrian,car,35,male
4410865,2015,cycle,car,45,male
4410939,2015,pedestrian,bus,86,female
4410947,2015,motorcycle,car,36,male
4411021,2015,motorcycle,bus,33,male
4411060,2015,pedestrian,truck,65,male
4411068,2015,pedestrian,truck,46,male
4411175,2015,pedestrian,truck,72,female
4411357,2015,car,car,22,female
4411541,2015,motorcycle,NOV,20,female
4411601,2015,pedestrian,car,27,female
4411602,2015,car,truck,40,male
4411602,2015,car,truck,50,male
4411614,2015,pedestrian,car,47,male
4411616,2015,motorcycle,car,19,male
4411663,2015,cycle,truck,17,male
4411739,2015,pedestrian,car,80,male
4411780,2015,pedestrian,motorcycle,75,male
4411782,2015,motorcycle,car,25,male
4412032,2015,motorcycle,bus,21,male
4412034,2015,car,NOV,50,male
4412173,2015,motorcycle,NOV,28,male
4412176,2015,cycle,car,33,male
4412275,2015,pedestrian,motorcycle,85,female
4412393,2015,motorcycle,car,23,male
4412506,2015,motorcycle,truck,47,male
4412508,2015,pedestrian,motorcycle,72,male
4412511,2015,cycle,car,69,male
4412671,2015,cycle,bus,26,female
4412751,2015,motorcycle,bus,27,male
4412856,2015,pedestrian,truck,62,male
4412867,2015,pedestrian,car,71,male
4412954,2015,bus,NOV,59,female
4412968,2015,motorcycle,bus,19,male
4412988,2015,pedestrian,car,27,male
4412992,2015,motorcycle,truck,33,male
4412995,2015,pedestrian,car,66,male
4413182,2015,pedestrian,truck,43,male
4413186,2015,motorcycle,NOV,55,female
4413335,2015,motorcycle,truck,30,female
4413340,2015,motorcycle,car,32,male
4413429,2015,pedestrian,bus,17,male
4413527,2015,cycle,bus,27,male
4413577,2015,pedestrian,motorcycle,81,male
4413580,2015,pedestrian,bus,43,male
4413583,2015,pedestrian,car,52,male
4413587,2015,pedestrian,motorcycle,33,male
4413589,2015,pedestrian,motorcycle,63,male
4413595,2015,motorcycle,NOV,22,female
4413845,2015,motorcycle,bus,25,female
4413864,2015,pedestrian,motorcycle,69,male
4413869,2015,cycle,car,76,male
4413970,2015,pedestrian,bus,66,male
4413985,2015,pedestrian,car,75,female
4414049,2015,pedestrian,car,67,male
4414065,2015,pedestrian,motorcycle,80,female
4414163,2015,motorcycle,truck,31,female
4414167,2015,pedestrian,bus,34,male
4414199,2015,pedestrian,motorcycle,24,male
4414204,2015,cycle,NOV,9,male
4414208,2015,motorcycle,truck,18,male
4414227,2015,truck,car,21,male
4414272,2015,pedestrian,motorcycle,65,female
4414342,2015,pedestrian,bus,21,male
4414345,2015,motorcycle,car,37,male
4414533,2015,motorcycle,NOV,21,male
4414713,2015,motorcycle,car,45,male
4414860,2015,car,NOV,27,male
4414873,2015,motorcycle,car,42,male
4414916,2015,car,NOV,27,male
4414919,2015,pedestrian,car,55,male
4414923,2015,motorcycle,truck,30,male
4414969,2015,pedestrian,car,40,male
4414993,2015,pedestrian,car,20,male
4415337,2015,pedestrian,car,74,female
4415498,2015,pedestrian,car,49,male
4415549,2015,pedestrian,car,31,male
4415551,2015,car,car,24,male
4415684,2015,cycle,truck,19,male
4415686,2015,motorcycle,truck,53,male
4415704,2015,pedestrian,motorcycle,66,male
4415835,2015,pedestrian,bus,21,male
4415911,2015,motorcycle,truck,25,male
4416081,2015,pedestrian,bus,48,male
4416125,2015,pedestrian,car,73,male
4416203,2015,cycle,car,37,male
4416265,2015,motorcycle,truck,32,male
4416547,2015,pedestrian,motorcycle,70,female
4416624,2015,pedestrian,car,65,male
4416687,2015,motorcycle,NOV,39,male
4416704,2015,pedestrian,car,44,male
4416707,2015,pedestrian,bus,56,male
4416711,2015,motorcycle,car,23,male
4416715,2015,car,car,5,male
4416723,2015,car,bus,34,male
4416736,2015,pedestrian,motorcycle,79,male
4416745,2015,pedestrian,bus,35,male
4416900,2015,motorcycle,NOV,22,male
4416904,2015,motorcycle,NOV,20,female
4417016,2015,motorcycle,bus,25,male
4417100,2015,cycle,truck,30,male
4417169,2015,motorcycle,truck,37,male
4417191,2015,pedestrian,car,18,female
4417390,2015,motorcycle,car,37,male
4417432,2015,pedestrian,car,77,male
4417490,2015,motorcycle,truck,40,male
4417620,2015,pedestrian,bus,74,male
4417669,2015,motorcycle,truck,32,male
4417681,2015,pedestrian,truck,72,male
4417787,2015,car,bus,57,male
4417818,2015,pedestrian,car,47,male
4417837,2015,pedestrian,bus,36,male
4417840,2015,motorcycle,car,21,male
4418215,2015,pedestrian,bus,45,female
4418225,2015,cycle,truck,34,male
4418367,2015,pedestrian,car,59,male
4418431,2015,pedestrian,car,73,male
4418461,2015,car,car,24,male
4418461,2015,car,car,24,male
4418543,2015,motorcycle,bus,26,male
4418640,2015,motorcycle,car,19,male
4418674,2015,motorcycle,truck,25,male
4419090,2015,cycle,bus,19,male
4419101,2015,pedestrian,bus,76,male
4419117,2015,pedestrian,motorcycle,65,female
4419196,2015,motorcycle,NOV,33,male
4419223,2015,pedestrian,motorcycle,23,female
4419265,2015,motorcycle,NOV,40,male
4419323,2015,pedestrian,bus,92,male
4419431,2015,pedestrian,motorcycle,60,female
4419601,2015,pedestrian,bus,27,male
4419608,2015,pedestrian,car,76,male
4419614,2015,pedestrian,car,19,male
4419679,2015,motorcycle,NOV,34,male
4419756,2015,motorcycle,truck,37,male
4419759,2015,motorcycle,NOV,19,male
4419762,2015,motorcycle,truck,50,male
4419765,2015,car,NOV,48,male
4419953,2015,pedestrian,bus,53,male
4420013,2015,motorcycle,truck,24,female
4420124,2015,cycle,bus,22,male
4420250,2015,car,NOV,17,female
4420250,2015,car,NOV,25,female
4420250,2015,car,NOV,40,female
4420257,2015,cycle,bus,17,male
4420262,2015,pedestrian,car,53,male
4420266,2015,car,bus,76,male
4420275,2015,pedestrian,motorcycle,40,male
4420458,2015,cycle,car,52,male
4420461,2015,motorcycle,truck,22,male
4420539,2015,cycle,car,55,male
4420644,2015,pedestrian,motorcycle,78,female
4420703,2015,motorcycle,car,46,male
4420867,2015,pedestrian,car,29,female
4420908,2015,motorcycle,car,28,male
4421089,2015,pedestrian,bus,76,male
4421121,2015,cycle,truck,59,male
4421188,2015,car,NOV,47,male
4421301,2015,motorcycle,bus,27,male
4421405,2015,cycle,truck,47,male
4421444,2015,pedestrian,motorcycle,40,female
4421609,2015,pedestrian,bus,21,female
4421722,2015,cycle,car,84,male
4421759,2015,motorcycle,truck,33,male
4422009,2015,pedestrian,car,64,male
4422061,2015,pedestrian,car,43,male
4422062,2015,cycle,car,25,male
4422116,2015,motorcycle,NOV,32,male
4422255,2015,pedestrian,bus,62,male
4422371,2015,pedestrian,motorcycle,64,male
4422485,2015,pedestrian,motorcycle,67,male
4422643,2015,pedestrian,car,73,male
4422709,2015,pedestrian,motorcycle,56,female
4422745,2015,bus,NOV,49,female
4422749,2015,pedestrian,bus,77,male
4422766,2015,pedestrian,motorcycle,53,female
4422826,2015,pedestrian,car,22,male
4422837,2015,pedestrian,motorcycle,41,female
4422970,2015,pedestrian,car,35,male
4422988,2015,pedestrian,motorcycle,30,female
4423166,2015,motorcycle,NOV,40,female
4423166,2015,pedestrian,motorcycle,57,male
4423170,2015,motorcycle,truck,39,female
4423360,2015,cycle,car,51,male
4423432,2015,car,car,38,female
4423432,2015,car,car,27,male
4423436,2015,motorcycle,truck,25,male
4423637,2015,pedestrian,car,67,female
4423641,2015,motorcycle,NOV,33,male
4423789,2015,cycle,truck,45,male
4423828,2015,motorcycle,truck,23,male
4423831,2015,motorcycle,NOV,24,male
4423850,2015,pedestrian,bus,59,male
4423935,2015,motorcycle,truck,24,male
4423948,2015,pedestrian,motorcycle,52,male
4424152,2015,motorcycle,bus,31,male
4424155,2015,pedestrian,motorcycle,32,male
4424158,2015,pedestrian,motorcycle,38,male
4424247,2015,motorcycle,truck,23,male
4424279,2015,car,bus,32,male
4424315,2015,motorcycle,motorcycle,26,male
4424317,2015,pedestrian,bus,78,male
4424418,2015,pedestrian,motorcycle,26,male
4424472,2015,motorcycle,truck,41,female
4424486,2015,cycle,bus,36,male
4424588,2015,motorcycle,car,34,male
4424686,2015,motorcycle,truck,35,male
4424689,2015,pedestrian,bus,56,male
4424739,2015,motorcycle,car,50,male
4424744,2015,cycle,bus,21,male
4424749,2015,pedestrian,car,33,male
4424816,2015,pedestrian,motorcycle,63,male
4424994,2015,pedestrian,bus,72,female
4425240,2015,cycle,truck,44,male
4425337,2015,motorcycle,motorcycle,24,male
4425548,2015,bus,bus,25,male
4425780,2015,pedestrian,car,44,male
4425804,2015,pedestrian,car,66,male
4425856,2015,pedestrian,truck,63,male
4425861,2015,motorcycle,truck,23,male
4425870,2015,pedestrian,motorcycle,89,male
4425875,2015,motorcycle,truck,20,female
4425938,2015,motorcycle,car,44,male
4426003,2015,cycle,car,52,male
4426021,2015,pedestrian,truck,28,male
4426044,2015,cycle,bus,70,male
4426117,2015,pedestrian,car,21,male
4426137,2015,motorcycle,bus,30,male
4426140,2015,motorcycle,car,26,male
4426144,2015,cycle,bus,45,male
4426161,2015,motorcycle,truck,24,male
4426165,2015,pedestrian,bus,80,male
4426179,2015,pedestrian,car,82,female
4426194,2015,motorcycle,car,19,male
4426579,2015,motorcycle,car,21,male
4426625,2015,car,NOV,29,male
4426680,2015,motorcycle,truck,23,male
4426688,2015,motorcycle,car,22,male
4426728,2015,pedestrian,car,50,male
4426876,2015,car,car,23,male
4426984,2015,pedestrian,truck,62,male
4427027,2015,motorcycle,car,24,male
4427071,2015,pedestrian,car,35,male
4427088,2015,motorcycle,car,29,male
4427090,2015,pedestrian,car,20,female
4427094,2015,motorcycle,car,31,male
4427126,2015,pedestrian,motorcycle,68,male
4427196,2015,motorcycle,truck,26,male
4427203,2015,cycle,bus,21,male
4427207,2015,pedestrian,motorcycle,74,male
4427239,2015,cycle,bus,49,male
4427311,2015,motorcycle,NOV,19,male
4427346,2015,pedestrian,motorcycle,76,male
4427355,2015,motorcycle,bus,26,female
4427577,2015,motorcycle,car,36,male
4427670,2015,pedestrian,bus,21,male
4427768,2015,motorcycle,truck,20,male
4427775,2015,cycle,truck,44,male
4427890,2015,pedestrian,motorcycle,78,female
4427985,2015,motorcycle,bus,22,female
4427985,2015,motorcycle,bus,23,male
4428035,2015,car,NOV,42,male
4428035,2015,car,NOV,35,male
4428036,2015,pedestrian,bus,58,male
4428039,2015,pedestrian,car,73,female
4428117,2015,cycle,bus,25,male
4428161,2015,car,NOV,33,female
4428235,2015,motorcycle,car,20,female
4428237,2015,motorcycle,cycle,42,male
4428396,2015,pedestrian,truck,36,male
4428421,2015,pedestrian,motorcycle,85,female
4428514,2015,pedestrian,car,30,male
4428639,2015,cycle,truck,26,female
4428690,2015,pedestrian,car,77,female
4428985,2015,motorcycle,truck,20,male
4428990,2015,motorcycle,bus,21,male
4428995,2015,pedestrian,motorcycle,45,female
4429096,2015,pedestrian,motorcycle,53,male
4429102,2015,pedestrian,motorcycle,75,male
4429113,2015,pedestrian,truck,51,female
4429125,2015,pedestrian,motorcycle,79,male
4429198,2015,car,NOV,17,female
4429206,2015,motorcycle,truck,30,male
4429212,2015,pedestrian,motorcycle,74,male
4429291,2015,motorcycle,NOV,19,male
4429302,2015,motorcycle,truck,27,male
4429305,2015,motorcycle,car,23,male
4429534,2015,pedestrian,bus,68,female
4429540,2015,pedestrian,car,38,male
4429549,2015,cycle,motorcycle,66,male
4429643,2015,pedestrian,motorcycle,70,female
4429659,2015,pedestrian,truck,68,male
4429686,2015,pedestrian,car,21,male
4429764,2015,motorcycle,bus,31,male
4429829,2015,bus,NOV,36,male
4429877,2015,motorcycle,car,33,male
4429892,2015,pedestrian,bus,63,female
4429916,2015,car,car,31,male
4430113,2015,pedestrian,truck,64,male
4430183,2015,motorcycle,bus,45,male
4430390,2015,motorcycle,bus,24,female
4430410,2015,pedestrian,motorcycle,58,female
4430552,2015,cycle,bus,50,male
4430557,2015,motorcycle,truck,25,male
4430561,2015,motorcycle,NOV,34,male
4430614,2015,pedestrian,motorcycle,93,male
4430759,2015,cycle,NOV,33,male
4430878,2015,motorcycle,bus,44,male
4430884,2015,pedestrian,bus,80,male
4430889,2015,motorcycle,bus,25,male
4431109,2015,cycle,truck,41,female
4431167,2015,motorcycle,truck,24,male
4431168,2015,cycle,motorcycle,43,female
4431242,2015,motorcycle,bus,35,male
4431245,2015,motorcycle,NOV,26,male
4431248,2015,motorcycle,cycle,53,male
4431248,2015,cycle,motorcycle,20,male
4431270,2015,cycle,car,48,male
4431280,2015,motorcycle,car,31,male
4431281,2015,pedestrian,motorcycle,60,male
4431424,2015,motorcycle,truck,20,male
4431426,2015,pedestrian,cycle,71,male
4431432,2015,pedestrian,car,14,female
4431444,2015,cycle,car,39,male
4431550,2015,motorcycle,bus,30,male
4431564,2015,pedestrian,bus,35,male
4431575,2015,motorcycle,truck,21,male
4431578,2015,motorcycle,bus,26,female
4431691,2015,cycle,NOV,68,male
4431740,2015,motorcycle,bus,19,male
4431775,2015,pedestrian,bus,69,male
4431779,2015,pedestrian,car,44,male
4431782,2015,motorcycle,truck,17,male
4431783,2015,truck,NOV,53,male
4431814,2015,motorcycle,car,35,male
4431848,2015,motorcycle,car,38,male
4431851,2015,pedestrian,car,41,male
4431854,2015,pedestrian,motorcycle,36,male
4432133,2015,motorcycle,motorcycle,21,male
4432138,2015,pedestrian,car,6,male
4432311,2015,cycle,cycle,37,male
4432339,2015,bus,NOV,25,male
4432349,2015,pedestrian,car,44,female
4432379,2015,pedestrian,motorcycle,57,male
4432384,2015,pedestrian,car,37,male
4432390,2015,pedestrian,truck,7,female
4432410,2015,pedestrian,bus,18,male
4432446,2015,pedestrian,car,19,female
4432448,2015,cycle,truck,31,male
4432451,2015,pedestrian,truck,48,male
4432455,2015,pedestrian,motorcycle,51,male
4432512,2015,pedestrian,bus,32,male
4432618,2015,motorcycle,NOV,41,male
4432874,2015,motorcycle,NOV,31,male
4432924,2015,pedestrian,car,39,male
4432929,2015,pedestrian,bus,30,male
4432931,2015,pedestrian,car,0,male
4433089,2015,motorcycle,car,20,male
4433129,2015,pedestrian,bus,76,male
4433245,2015,motorcycle,car,30,male
4433247,2015,motorcycle,truck,56,male
4433311,2015,pedestrian,car,86,male
4433381,2015,motorcycle,bus,19,female
4433458,2016,bus,NOV,26,male
4433464,2016,motorcycle,car,32,male
4433468,2016,motorcycle,car,37,male
4433471,2016,pedestrian,car,32,male
4433597,2016,pedestrian,motorcycle,56,male
4433653,2016,pedestrian,car,4,male
4433657,2016,cycle,truck,26,female
4433765,2016,pedestrian,car,1,male
4433834,2016,pedestrian,car,23,male
4433838,2016,pedestrian,car,63,female
4433841,2016,motorcycle,truck,35,male
4433871,2016,pedestrian,car,66,female
4433878,2016,motorcycle,NOV,44,female
4433884,2016,pedestrian,car,52,male
4433994,2016,cycle,truck,64,male
4434062,2016,motorcycle,truck,42,male
4434146,2015,motorcycle,bus,24,male
4434153,2016,pedestrian,motorcycle,50,male
4434229,2016,motorcycle,truck,27,female
4434249,2016,pedestrian,motorcycle,39,male
4434256,2016,pedestrian,truck,70,male
4434336,2016,pedestrian,motorcycle,76,male
4434340,2016,pedestrian,car,38,male
4434347,2016,motorcycle,car,27,male
4434427,2016,pedestrian,car,59,male
4434591,2016,motorcycle,bus,27,male
4434844,2016,bus,NOV,60,male
4434946,2016,pedestrian,car,58,male
4435026,2016,pedestrian,car,43,male
4435032,2016,cycle,car,38,male
4435036,2016,pedestrian,car,69,female
4435048,2016,pedestrian,motorcycle,65,female
4435060,2016,pedestrian,bus,25,male
4435131,2016,motorcycle,truck,31,female
4435155,2016,motorcycle,truck,33,male
4435228,2016,pedestrian,car,83,male
4435245,2016,cycle,bus,25,male
4435248,2016,motorcycle,truck,24,male
4435254,2016,pedestrian,car,19,female
4435256,2016,motorcycle,NOV,42,male
4435312,2016,pedestrian,car,57,male
4435342,2016,pedestrian,motorcycle,60,male
4435397,2016,cycle,truck,38,male
4435401,2016,pedestrian,motorcycle,64,male
4435408,2016,pedestrian,car,53,female
4435445,2016,pedestrian,car,70,male
4435552,2016,pedestrian,motorcycle,75,male
4435562,2016,motorcycle,bus,21,male
4435664,2016,cycle,bus,59,male
4435743,2016,motorcycle,bus,17,male
4435750,2016,motorcycle,truck,43,male
4435750,2016,motorcycle,truck,8,male
4436072,2016,motorcycle,car,29,male
4436154,2016,pedestrian,truck,28,male
4436265,2016,cycle,car,50,male
4436438,2016,pedestrian,truck,50,male
4436540,2016,motorcycle,car,25,female
4436559,2016,pedestrian,bus,58,male
4436603,2016,motorcycle,NOV,19,male
4436619,2016,pedestrian,car,53,female
4436642,2016,motorcycle,car,25,male
4436643,2016,pedestrian,car,55,male
4436751,2016,motorcycle,truck,24,male
4436851,2016,pedestrian,bus,26,female
4436959,2016,motorcycle,truck,21,male
4436964,2016,pedestrian,truck,37,male
4436976,2016,bus,NOV,59,female
4436992,2016,motorcycle,car,22,male
4436994,2016,pedestrian,motorcycle,60,male
4437075,2016,pedestrian,bus,73,female
4437194,2016,motorcycle,car,35,male
4437271,2016,pedestrian,car,33,male
4437420,2016,cycle,bus,65,male
4437498,2016,pedestrian,bus,55,male
4437587,2016,motorcycle,NOV,33,male
4437842,2016,motorcycle,truck,46,male
4437843,2016,motorcycle,truck,35,male
4437845,2016,pedestrian,bus,17,male
4437846,2016,pedestrian,car,21,male
4437879,2016,car,car,22,female
4437879,2016,car,NOV,31,male
4438150,2016,pedestrian,motorcycle,77,female
4438360,2016,motorcycle,car,25,male
4438368,2016,bus,car,19,male
4438387,2016,cycle,car,72,male
4438470,2016,motorcycle,NOV,40,male
4438516,2016,pedestrian,truck,69,male
4438578,2016,pedestrian,car,57,female
4438737,2016,cycle,bus,11,female
4438800,2016,car,car,35,male
4438868,2016,pedestrian,motorcycle,72,male
4438871,2016,pedestrian,car,60,female
4438965,2016,motorcycle,bus,18,male
4439019,2016,motorcycle,car,29,male
4439081,2016,motorcycle,car,53,male
4439107,2016,pedestrian,motorcycle,28,male
4439116,2016,pedestrian,car,45,male
4439165,2016,pedestrian,motorcycle,60,female
4439195,2016,motorcycle,NOV,28,male
4439196,2016,pedestrian,bus,31,female
4439196,2016,pedestrian,bus,24,female
4439199,2016,pedestrian,car,17,female
4439371,2016,motorcycle,truck,20,male
4439377,2016,motorcycle,motorcycle,25,male
4439549,2016,motorcycle,car,37,male
4439559,2016,cycle,car,19,male
4439563,2016,cycle,truck,47,male
4439567,2016,pedestrian,motorcycle,60,female
4439628,2016,motorcycle,motorcycle,19,male
4439630,2016,motorcycle,bus,46,male
4439673,2016,pedestrian,motorcycle,32,male
4439782,2016,pedestrian,motorcycle,65,male
4439839,2016,pedestrian,bus,29,male
4439843,2016,pedestrian,bus,49,male
4439850,2016,pedestrian,motorcycle,58,female
4439872,2016,car,motorcycle,22,male
4439878,2016,pedestrian,motorcycle,51,female
4439907,2016,cycle,car,61,male
4439911,2016,pedestrian,bus,38,male
4440013,2016,pedestrian,car,45,female
4440230,2016,cycle,motorcycle,51,male
4440236,2016,pedestrian,motorcycle,77,female
4440305,2016,pedestrian,motorcycle,22,female
4440347,2016,motorcycle,NOV,23,male
4440560,2016,pedestrian,car,27,male
4440593,2016,pedestrian,car,81,male
4440616,2016,motorcycle,car,27,female
4440616,2016,motorcycle,car,27,male
4440697,2016,motorcycle,car,40,female
4440735,2016,pedestrian,motorcycle,41,female
4440875,2016,pedestrian,car,71,male
4440946,2016,motorcycle,NOV,22,male
4440947,2016,pedestrian,bus,18,male
4441047,2016,pedestrian,motorcycle,76,male
4441371,2016,pedestrian,motorcycle,86,male
4441393,2016,cycle,bus,27,male
4441462,2016,pedestrian,motorcycle,70,female
4441528,2016,pedestrian,car,22,male
4441532,2016,pedestrian,car,73,male
4441635,2016,motorcycle,car,20,male
4441635,2016,motorcycle,car,15,female
4441639,2016,motorcycle,NOV,26,female
4441646,2016,bus,NOV,68,female
4441662,2016,pedestrian,car,40,male
4441919,2016,pedestrian,motorcycle,83,male
4441957,2016,motorcycle,truck,26,female
4442016,2016,motorcycle,car,40,male
4442028,2016,car,NOV,22,female
4442118,2016,cycle,motorcycle,52,male
4442131,2016,motorcycle,car,24,male
4442246,2016,cycle,bus,44,male
4442251,2016,motorcycle,bus,24,male
4442271,2016,motorcycle,truck,23,male
4442329,2016,pedestrian,car,25,male
4442348,2016,motorcycle,car,44,male
4442353,2016,cycle,car,67,male
4442414,2016,motorcycle,truck,30,male
4442517,2016,pedestrian,motorcycle,88,male
4442825,2016,pedestrian,motorcycle,18,male
4443005,2016,pedestrian,car,24,male
4443155,2016,motorcycle,car,29,male
4443158,2016,pedestrian,bus,36,male
4443163,2016,pedestrian,motorcycle,60,male
4443289,2016,pedestrian,car,9,male
4443290,2016,motorcycle,truck,36,male
4443293,2016,cycle,car,25,male
4443312,2016,pedestrian,motorcycle,39,female
4443414,2016,motorcycle,NOV,18,male
4443498,2016,motorcycle,bus,36,male
4443686,2016,motorcycle,truck,20,female
4443708,2016,pedestrian,motorcycle,72,male
4444014,2016,motorcycle,truck,31,male
4444030,2016,pedestrian,bus,78,male
4444125,2016,motorcycle,NOV,25,male
4444125,2016,motorcycle,NOV,23,female
4444126,2016,cycle,bus,65,male
4444248,2016,motorcycle,truck,26,female
4444248,2016,motorcycle,truck,22,male
4444260,2016,pedestrian,bus,62,male
4444353,2016,motorcycle,car,38,male
4444410,2016,pedestrian,car,23,male
4444419,2016,cycle,bus,49,male
4444440,2016,pedestrian,motorcycle,72,male
4444461,2016,motorcycle,car,25,male
4444807,2016,pedestrian,car,84,male
4444811,2016,pedestrian,car,71,male
4444839,2016,pedestrian,motorcycle,95,male
4444855,2016,cycle,motorcycle,57,male
4444920,2016,motorcycle,truck,45,male
4445059,2016,pedestrian,bus,16,male
4445134,2016,pedestrian,car,85,male
4445157,2016,motorcycle,NOV,27,male
4445157,2016,motorcycle,NOV,19,female
4445159,2016,motorcycle,NOV,19,male
4445163,2016,motorcycle,car,28,male
4445327,2016,pedestrian,car,56,male
4445377,2016,pedestrian,car,61,male
4445424,2016,cycle,NOV,41,male
4445693,2016,motorcycle,truck,50,female
4445836,2016,pedestrian,bus,24,male
4446014,2016,pedestrian,motorcycle,69,male
4446163,2016,pedestrian,bus,19,female
4446207,2016,motorcycle,NOV,25,male
4446343,2016,cycle,NOV,21,male
4446459,2016,motorcycle,truck,32,male
4446465,2016,motorcycle,NOV,23,male
4446655,2016,motorcycle,truck,23,male
4446816,2016,pedestrian,car,41,female
4446823,2016,cycle,bus,45,male
4446827,2016,pedestrian,motorcycle,76,male
4446844,2016,pedestrian,truck,82,male
4446848,2016,motorcycle,bus,33,male
4447023,2016,motorcycle,car,21,male
4447028,2016,motorcycle,NOV,38,male
4447160,2016,pedestrian,car,51,male
4447163,2016,motorcycle,bus,21,male
4447272,2016,motorcycle,truck,46,male
4447284,2016,cycle,NOV,36,male
4447356,2016,motorcycle,NOV,22,male
4447375,2016,pedestrian,motorcycle,60,male
4447380,2016,motorcycle,bus,20,male
4447468,2016,pedestrian,motorcycle,9,female
4447472,2016,motorcycle,truck,52,female
4447481,2016,cycle,car,34,male
4447720,2016,cycle,truck,17,male
4447726,2016,pedestrian,truck,24,female
4447726,2016,pedestrian,truck,1,male
4447735,2016,motorcycle,truck,43,female
4447762,2016,motorcycle,bus,29,male
4447763,2016,pedestrian,motorcycle,77,male
4447967,2016,cycle,car,48,male
4448005,2016,cycle,truck,39,male
4448009,2016,motorcycle,bus,25,female
4448011,2016,pedestrian,truck,71,male
4448014,2016,pedestrian,car,30,male
4448018,2016,car,NOV,31,female
4448018,2016,car,NOV,32,male
4448029,2016,pedestrian,truck,37,male
4448160,2016,pedestrian,bus,61,female
4448337,2016,cycle,truck,26,male
4448457,2016,pedestrian,motorcycle,67,female
4448529,2016,car,bus,36,male
4448721,2016,pedestrian,car,49,female
4448749,2016,motorcycle,car,31,male
4448750,2016,motorcycle,NOV,39,male
4448753,2016,pedestrian,motorcycle,68,male
4448813,2016,motorcycle,car,23,male
4448943,2016,cycle,bus,40,male
4448955,2016,cycle,bus,34,male
4449010,2016,cycle,car,54,male
4449040,2016,motorcycle,motorcycle,25,male
4449133,2016,pedestrian,bus,65,male
4449231,2016,pedestrian,car,64,male
4449236,2016,motorcycle,NOV,20,male
4449236,2016,motorcycle,NOV,22,female
4449310,2016,pedestrian,bus,31,female
4449315,2016,motorcycle,car,36,male
4449319,2016,motorcycle,bus,25,female
4449324,2016,motorcycle,car,24,male
4449391,2016,pedestrian,truck,49,male
4449424,2016,cycle,motorcycle,37,female
4449435,2016,pedestrian,car,72,female
4449450,2016,pedestrian,car,73,male
4449594,2016,pedestrian,car,65,male
4449636,2016,motorcycle,truck,22,male
4449839,2016,pedestrian,motorcycle,83,male
4449909,2016,motorcycle,truck,30,male
4450070,2016,motorcycle,car,24,male
4450074,2016,motorcycle,NOV,24,female
4450100,2016,car,NOV,47,male
4450134,2016,pedestrian,bus,21,male
4450137,2016,cycle,NOV,36,male
4450189,2016,car,truck,30,male
4450278,2016,motorcycle,car,25,male
4450588,2016,pedestrian,bus,71,male
4450638,2016,motorcycle,car,29,male
4450655,2016,motorcycle,bus,21,female
4450711,2016,pedestrian,motorcycle,63,male
4450777,2016,motorcycle,NOV,20,male
4450777,2016,motorcycle,NOV,26,male
4450779,2016,cycle,bus,29,male
4450798,2016,pedestrian,car,50,male
4450846,2016,pedestrian,car,8,male
4450933,2016,motorcycle,car,26,male
4450994,2016,motorcycle,car,18,male
4450994,2016,motorcycle,motorcycle,16,male
4451069,2016,pedestrian,motorcycle,63,female
4451219,2016,pedestrian,car,72,female
4451321,2016,pedestrian,motorcycle,59,male
4451344,2016,pedestrian,motorcycle,40,male
4451506,2016,pedestrian,car,47,male
4451511,2016,pedestrian,car,68,female
4451753,2016,motorcycle,NOV,34,male
4451783,2016,pedestrian,motorcycle,70,male
4451814,2016,pedestrian,motorcycle,47,male
4451957,2016,pedestrian,motorcycle,74,male
4452079,2016,motorcycle,car,18,male
4452082,2016,motorcycle,NOV,17,male
4452118,2016,pedestrian,motorcycle,81,male
4452281,2016,pedestrian,car,77,female
4452346,2016,motorcycle,truck,29,male
4452387,2016,motorcycle,car,28,male
4452506,2016,pedestrian,car,52,male
4452554,2016,motorcycle,car,27,male
4452559,2016,motorcycle,car,59,male
4452602,2016,pedestrian,motorcycle,72,male
4452746,2016,cycle,motorcycle,73,male
4452751,2016,car,NOV,79,female
4452764,2016,cycle,car,16,female
4452766,2016,motorcycle,car,29,male
4452770,2016,car,NOV,33,male
4452963,2016,pedestrian,bus,21,male
4452968,2016,cycle,car,22,female
4453004,2016,car,NOV,87,male
4453081,2016,pedestrian,motorcycle,19,male
4453200,2016,motorcycle,car,24,male
4453248,2016,motorcycle,bus,38,male
4453319,2016,pedestrian,motorcycle,34,female
4453350,2016,cycle,car,20,male
4453353,2016,cycle,bus,24,male
4453443,2016,motorcycle,NOV,36,male
4453487,2016,motorcycle,NOV,18,male
4453497,2016,motorcycle,NOV,20,male
4453658,2016,motorcycle,truck,29,male
4453664,2016,motorcycle,NOV,27,female
4453771,2016,pedestrian,motorcycle,39,female
4453858,2016,pedestrian,car,80,male
4453861,2016,motorcycle,truck,19,male
4453875,2016,motorcycle,car,35,male
4454071,2016,pedestrian,bus,26,male
4454073,2016,pedestrian,bus,15,male
4454082,2016,pedestrian,motorcycle,46,female
4454098,2016,pedestrian,car,47,male
4454100,2016,motorcycle,truck,29,male
4454131,2016,pedestrian,car,35,male
4454141,2016,pedestrian,car,5,male
4454142,2016,bus,NOV,47,male
4454144,2016,car,NOV,31,male
4454144,2016,car,NOV,25,male
4454154,2016,pedestrian,car,74,male
4454209,2016,motorcycle,truck,28,male
4454274,2016,cycle,NOV,32,male
4454323,2016,pedestrian,motorcycle,44,male
4454510,2016,motorcycle,bus,23,male
4454738,2016,pedestrian,bus,20,female
4454748,2016,motorcycle,truck,41,male
4454753,2016,cycle,truck,20,male
4454782,2016,motorcycle,NOV,24,male
4454796,2016,motorcycle,car,21,male
4454871,2016,motorcycle,bus,24,male
4455112,2016,motorcycle,bus,34,male
4455113,2016,pedestrian,motorcycle,79,male
4455264,2016,pedestrian,car,78,female
4455375,2016,motorcycle,truck,25,male
4455433,2016,pedestrian,motorcycle,68,male
4455453,2016,pedestrian,car,75,male
4455519,2016,pedestrian,truck,91,male
4455522,2016,pedestrian,motorcycle,33,male
4455527,2016,pedestrian,motorcycle,67,female
4455641,2016,motorcycle,bus,29,female
4455720,2016,pedestrian,motorcycle,60,male
4455750,2016,pedestrian,motorcycle,75,female
4455757,2016,motorcycle,car,21,male
4455843,2016,motorcycle,truck,18,male
4455843,2016,motorcycle,truck,17,male
4456005,2016,pedestrian,car,34,male
4456189,2016,pedestrian,bus,89,male
4456208,2016,motorcycle,car,23,male
4456275,2016,pedestrian,car,40,male
4456278,2016,pedestrian,car,23,male
4456279,2016,pedestrian,motorcycle,59,male
4456283,2016,motorcycle,car,33,male
4456286,2016,pedestrian,bus,21,male
4456307,2016,pedestrian,cycle,49,female
4456476,2016,pedestrian,car,29,male
4456586,2016,pedestrian,truck,60,female
4456586,2016,pedestrian,truck,59,female
4456592,2016,motorcycle,truck,64,male
4456599,2016,pedestrian,car,71,female
4456610,2016,cycle,truck,22,male
4456690,2016,pedestrian,motorcycle,67,male
4456804,2016,motorcycle,truck,42,male
4456814,2016,pedestrian,car,82,female
4456847,2016,cycle,motorcycle,78,male
4456986,2016,motorcycle,car,35,female
4457027,2016,pedestrian,motorcycle,20,male
4457034,2016,motorcycle,bus,33,male
4457289,2016,cycle,bus,76,male
4457422,2016,motorcycle,bus,19,male
4457555,2016,pedestrian,truck,26,male
4457569,2016,motorcycle,NOV,21,female
4457616,2016,pedestrian,car,39,female
4457666,2016,pedestrian,bus,27,male
4457729,2016,motorcycle,truck,25,male
4457753,2016,pedestrian,car,61,male
4457759,2016,pedestrian,bus,42,male
4457780,2016,pedestrian,bus,26,male
4457790,2016,motorcycle,NOV,23,male
4458099,2016,pedestrian,cycle,19,male
4458262,2016,motorcycle,truck,29,male
4458323,2016,motorcycle,car,32,male
4458355,2016,pedestrian,motorcycle,56,female
4458454,2016,motorcycle,bus,30,male
4458457,2016,cycle,truck,12,male
4458462,2016,motorcycle,bus,37,female
4458469,2016,cycle,motorcycle,47,male
4458579,2016,motorcycle,bus,23,male
4458856,2016,motorcycle,bus,24,male
4459023,2016,pedestrian,truck,54,female
4459156,2016,pedestrian,bus,20,female
4459404,2016,motorcycle,truck,30,male
4459674,2016,pedestrian,motorcycle,82,male
4459709,2016,pedestrian,motorcycle,61,female
4459710,2016,pedestrian,truck,23,male
4459927,2016,pedestrian,motorcycle,73,male
4459954,2016,pedestrian,motorcycle,72,male
4459958,2016,pedestrian,car,33,male
4460003,2016,motorcycle,bus,18,male
4460211,2016,motorcycle,NOV,29,male
4460243,2016,pedestrian,car,1,male
4460250,2016,cycle,bus,50,male
4460325,2016,pedestrian,car,35,male
4460334,2016,pedestrian,car,82,male
4460340,2016,motorcycle,car,30,male
4460346,2016,pedestrian,motorcycle,57,male
4460430,2016,motorcycle,truck,20,male
4460451,2016,pedestrian,motorcycle,69,male
4460474,2016,pedestrian,motorcycle,67,male
4460585,2016,cycle,truck,62,male
4460710,2016,pedestrian,bus,23,male
4460711,2016,motorcycle,NOV,36,male
4460713,2016,pedestrian,motorcycle,83,female
4460749,2016,cycle,car,21,male
4460752,2016,pedestrian,car,23,male
4460763,2016,pedestrian,car,74,male
4460780,2016,pedestrian,car,69,female
4460782,2016,motorcycle,truck,43,male
4460829,2016,pedestrian,car,74,male
4460908,2016,pedestrian,motorcycle,62,female
4460924,2016,cycle,truck,22,male
4461391,2016,motorcycle,truck,19,female
4461457,2016,pedestrian,car,16,male
4461488,2016,motorcycle,bus,21,male
4461496,2016,cycle,bus,67,male
4461511,2016,pedestrian,car,88,male
4461514,2016,pedestrian,car,51,male
4461569,2016,pedestrian,motorcycle,10,female
4461591,2016,pedestrian,motorcycle,38,male
4461607,2016,pedestrian,motorcycle,54,male
4461648,2016,motorcycle,bus,20,male
4461905,2016,cycle,car,67,male
4461974,2016,cycle,bus,12,male
4462088,2016,motorcycle,car,29,male
4462202,2016,pedestrian,motorcycle,34,male
4462204,2016,motorcycle,truck,36,male
4462222,2016,pedestrian,bus,19,male
4462285,2016,cycle,truck,54,male
4462289,2016,pedestrian,car,35,female
4462475,2016,motorcycle,car,29,male
4462644,2016,pedestrian,bus,82,male
4462658,2016,pedestrian,truck,29,female
4462675,2016,pedestrian,car,69,male
4462704,2016,bus,NOV,58,female
4462750,2016,bus,car,18,male
4462757,2016,motorcycle,car,34,male
4462993,2016,motorcycle,truck,22,male
4462996,2016,cycle,truck,52,male
4463030,2016,pedestrian,motorcycle,72,male
4463071,2016,cycle,car,31,male
4463073,2016,motorcycle,NOV,45,female
4463096,2016,motorcycle,NOV,32,female
4463096,2016,motorcycle,NOV,28,female
4463469,2016,pedestrian,bus,46,male
4463755,2016,cycle,car,34,male
4463797,2016,motorcycle,truck,23,male
4463838,2016,cycle,bus,62,male
4463841,2016,motorcycle,car,48,male
4463852,2016,pedestrian,bus,35,male
4463862,2016,pedestrian,car,20,male
4463865,2016,pedestrian,car,26,male
4464027,2016,motorcycle,truck,11,female
4464193,2016,motorcycle,bus,43,female
4464375,2016,pedestrian,motorcycle,74,male
4464390,2016,motorcycle,car,36,male
4464390,2016,motorcycle,car,21,male
4464487,2016,motorcycle,truck,43,male
4464496,2016,motorcycle,truck,49,male
4464511,2016,pedestrian,car,60,female
4464574,2016,motorcycle,car,45,male
4465291,2016,pedestrian,car,51,male
4465299,2016,pedestrian,car,74,female
4465300,2016,pedestrian,motorcycle,79,male
4465374,2016,cycle,car,25,male
4465451,2016,pedestrian,car,52,male
4465453,2016,motorcycle,truck,29,male
4465479,2016,motorcycle,bus,29,male
4465747,2016,pedestrian,bus,36,male
4465909,2016,pedestrian,bus,35,male
4465929,2016,pedestrian,car,72,male
4466083,2016,pedestrian,car,33,male
4466130,2016,motorcycle,bus,29,male
4466395,2016,pedestrian,bus,35,male
4466410,2016,motorcycle,truck,25,male
4466515,2016,motorcycle,car,28,male
4466517,2016,cycle,car,45,male
4466521,2016,motorcycle,truck,27,male
4466554,2016,motorcycle,truck,22,male
4466572,2016,pedestrian,car,79,male
4466702,2016,motorcycle,NOV,34,male
4466819,2016,motorcycle,car,49,male
4466838,2016,cycle,NOV,21,male
4466847,2016,pedestrian,bus,90,female
4467125,2016,cycle,car,61,male
4467146,2016,pedestrian,motorcycle,64,male
4467343,2016,motorcycle,bus,60,female
4467621,2016,motorcycle,NOV,26,male
4467676,2016,pedestrian,motorcycle,84,male
4467694,2016,motorcycle,motorcycle,49,male
4467807,2016,pedestrian,bus,55,female
4467822,2016,pedestrian,truck,48,male
4467825,2016,motorcycle,NOV,21,female
4467908,2016,cycle,car,37,male
4467916,2016,pedestrian,bus,85,male
4468068,2016,pedestrian,truck,53,female
4468070,2016,motorcycle,truck,18,male
4468139,2016,car,car,81,female
4468169,2016,pedestrian,motorcycle,67,male
4468233,2016,cycle,bus,25,female
4468273,2016,motorcycle,truck,47,male
4468292,2016,motorcycle,car,45,male
4468294,2016,cycle,bus,39,female
4468297,2016,pedestrian,car,16,male
4468430,2016,motorcycle,NOV,25,male
4468466,2016,motorcycle,car,21,male
4468472,2016,pedestrian,bus,77,female
4468724,2016,motorcycle,bus,26,male
4468891,2016,pedestrian,motorcycle,76,male
4468929,2016,pedestrian,car,24,male
4469105,2017,cycle,bus,57,male
4469128,2017,pedestrian,motorcycle,56,male
4469251,2017,motorcycle,truck,21,male
4469325,2016,cycle,bus,28,male
4469394,2017,bus,NOV,77,male
4469411,2017,pedestrian,car,58,male
4469489,2017,motorcycle,bus,34,male
4469494,2017,motorcycle,NOV,29,male
4469540,2017,pedestrian,bus,52,male
4469567,2017,pedestrian,bus,77,male
4469569,2017,motorcycle,bus,21,male
4469866,2017,pedestrian,car,3,male
4469868,2017,motorcycle,car,29,male
4469871,2017,bus,NOV,71,male
4469871,2017,pedestrian,bus,40,male
4470265,2017,pedestrian,car,29,male
4470381,2017,motorcycle,car,26,male
4470447,2017,pedestrian,car,47,male
4470468,2017,cycle,car,26,male
4470488,2017,motorcycle,car,24,male
4470521,2017,pedestrian,motorcycle,61,male
4470609,2017,motorcycle,car,30,female
4470616,2017,pedestrian,bus,72,female
4470737,2017,pedestrian,motorcycle,20,female
4470782,2017,motorcycle,car,23,male
4470809,2017,pedestrian,car,24,male
4470813,2017,motorcycle,NOV,18,male
4470896,2017,pedestrian,motorcycle,58,female
4470897,2017,pedestrian,car,32,male
4470900,2017,motorcycle,car,32,male
4471050,2017,motorcycle,NOV,45,male
4471053,2017,pedestrian,motorcycle,14,male
4471083,2017,pedestrian,truck,44,male
4471221,2017,car,car,64,male
4471230,2017,pedestrian,motorcycle,60,male
4471234,2017,motorcycle,car,24,male
4471327,2017,cycle,car,44,male
4471414,2017,pedestrian,car,29,male
4471433,2017,pedestrian,motorcycle,43,male
4471535,2017,pedestrian,bus,29,female
4471537,2017,motorcycle,truck,51,male
4471604,2017,motorcycle,truck,40,male
4471607,2017,pedestrian,bus,30,male
4471627,2017,motorcycle,truck,72,male
4471631,2017,pedestrian,car,70,female
4471636,2017,pedestrian,motorcycle,26,male
4471653,2017,motorcycle,car,24,male
4471676,2017,pedestrian,car,60,male
4471681,2017,pedestrian,motorcycle,48,female
4471821,2017,pedestrian,bus,70,female
4471826,2017,pedestrian,motorcycle,18,male
4471830,2017,pedestrian,car,29,female
4471841,2017,cycle,bus,32,male
4471878,2017,pedestrian,bus,61,male
4471959,2017,pedestrian,motorcycle,83,male
4472116,2017,motorcycle,bus,56,female
4472123,2017,cycle,bus,31,male
4472135,2017,pedestrian,car,33,male
4472158,2017,pedestrian,motorcycle,41,male
4472270,2017,pedestrian,motorcycle,44,female
4472396,2017,pedestrian,bus,22,male
4472451,2017,motorcycle,bus,21,male
4472468,2017,pedestrian,car,42,male
4472516,2017,pedestrian,car,51,male
4472640,2017,pedestrian,bus,75,male
4472791,2017,motorcycle,truck,29,female
4472937,2017,motorcycle,NOV,21,male
4473052,2017,pedestrian,car,49,male
4473098,2017,pedestrian,motorcycle,77,female
4473225,2017,pedestrian,car,31,female
4473307,2017,pedestrian,car,78,male
4473364,2017,pedestrian,bus,64,female
4473460,2017,pedestrian,truck,63,female
4473470,2017,pedestrian,car,53,male
4473530,2017,pedestrian,truck,48,female
4473594,2017,motorcycle,truck,11,male
4473598,2017,motorcycle,truck,33,male
4473605,2017,bus,NOV,49,male
4473716,2017,cycle,truck,49,male
4473720,2017,pedestrian,truck,37,female
4473722,2017,car,NOV,21,male
4473813,2017,pedestrian,motorcycle,77,female
4473816,2017,motorcycle,truck,21,male
4473864,2017,pedestrian,motorcycle,76,male
4473883,2017,cycle,truck,26,male
4473911,2017,pedestrian,motorcycle,77,male
4474010,2017,pedestrian,car,37,male
4474172,2017,motorcycle,car,40,male
4474177,2017,motorcycle,truck,21,male
4474190,2017,cycle,NOV,51,male
4474197,2017,pedestrian,car,84,male
4474317,2017,motorcycle,car,22,male
4474326,2017,pedestrian,motorcycle,57,male
4474621,2017,motorcycle,car,23,male
4474624,2017,motorcycle,motorcycle,29,male
4474672,2017,pedestrian,motorcycle,79,female
4474677,2017,motorcycle,truck,35,male
4474712,2017,motorcycle,car,47,male
4474736,2017,cycle,car,48,male
4474913,2017,pedestrian,car,56,male
4474943,2017,pedestrian,car,71,female
4475047,2017,cycle,bus,54,male
4475051,2017,motorcycle,truck,36,male
4475063,2017,pedestrian,motorcycle,78,male
4475314,2017,pedestrian,car,37,male
4475315,2017,car,car,23,male
4475328,2017,motorcycle,car,32,male
4475421,2017,car,truck,19,male
4475635,2017,motorcycle,truck,26,male
4475644,2017,pedestrian,bus,27,male
4475644,2017,pedestrian,bus,30,female
4475650,2017,motorcycle,car,24,male
4475736,2017,pedestrian,car,89,male
4475742,2017,pedestrian,motorcycle,26,male
4475824,2017,cycle,truck,33,male
4476064,2017,motorcycle,NOV,54,male
4476368,2017,pedestrian,motorcycle,70,male
4476379,2017,pedestrian,motorcycle,80,male
4476550,2017,pedestrian,car,27,male
4476551,2017,pedestrian,motorcycle,86,male
4476665,2017,pedestrian,bus,66,male
4476742,2017,pedestrian,bus,23,male
4476928,2017,bus,truck,57,female
4476928,2017,bus,truck,25,male
4476933,2017,pedestrian,car,50,female
4477036,2017,pedestrian,car,71,male
4477151,2017,motorcycle,car,32,male
4477268,2017,pedestrian,bus,51,female
4477365,2017,motorcycle,NOV,27,male
4477489,2017,cycle,motorcycle,65,male
4477655,2017,pedestrian,car,32,male
4477931,2017,pedestrian,car,31,female
4478007,2017,cycle,bus,18,male
4478112,2017,cycle,NOV,25,male
4478114,2017,motorcycle,NOV,28,male
4478168,2017,pedestrian,car,48,male
4478491,2017,pedestrian,bus,44,female
4478491,2017,pedestrian,bus,19,female
4478572,2017,motorcycle,car,43,male
4478574,2017,motorcycle,car,23,male
4478576,2017,motorcycle,truck,40,male
4478594,2017,car,bus,35,male
4478595,2017,pedestrian,bus,32,male
4478611,2017,pedestrian,motorcycle,27,male
4478913,2017,pedestrian,motorcycle,86,male
4478918,2017,motorcycle,bus,25,male
4478921,2017,cycle,truck,59,male
4479030,2017,pedestrian,bus,19,female
4479110,2017,pedestrian,truck,59,male
4479126,2017,cycle,bus,46,male
4479212,2017,motorcycle,truck,25,male
4479287,2017,cycle,truck,45,female
4479322,2017,pedestrian,car,62,male
4479323,2017,pedestrian,motorcycle,29,male
4479472,2017,motorcycle,bus,32,male
4479590,2017,pedestrian,truck,20,male
4479715,2017,cycle,car,54,male
4479745,2016,cycle,bus,41,male
4479823,2017,pedestrian,car,66,male
4480026,2017,pedestrian,car,40,male
4480029,2017,motorcycle,NOV,24,male
4480113,2017,cycle,truck,53,male
4480584,2017,pedestrian,car,70,male
4480655,2017,pedestrian,motorcycle,24,male
4480660,2017,motorcycle,car,54,male
4480684,2017,pedestrian,car,41,male
4480705,2017,pedestrian,car,20,male
4480744,2017,pedestrian,car,34,male
4480929,2017,cycle,car,80,male
4480989,2017,motorcycle,bus,20,male
4481022,2017,pedestrian,motorcycle,71,male
4481149,2017,cycle,NOV,8,male
4481176,2017,pedestrian,bus,20,male
4481186,2017,motorcycle,NOV,29,male
4481313,2017,car,NOV,27,male
4481445,2017,motorcycle,car,23,male
4481541,2017,pedestrian,truck,64,male
4481730,2017,motorcycle,NOV,29,male
4481842,2017,motorcycle,bus,21,male
4481950,2017,motorcycle,car,35,male
4481960,2017,motorcycle,NOV,22,male
4482058,2017,cycle,truck,30,male
4482199,2017,motorcycle,car,29,male
4482212,2017,motorcycle,NOV,22,female
4482246,2017,pedestrian,motorcycle,77,male
4482251,2017,motorcycle,car,24,male
4482265,2017,car,NOV,23,male
4482297,2017,cycle,NOV,34,male
4482302,2017,motorcycle,truck,23,male
4482307,2017,pedestrian,car,74,female
4482416,2017,motorcycle,car,21,male
4482420,2017,motorcycle,car,24,male
4482422,2017,motorcycle,NOV,20,male
4482458,2017,pedestrian,motorcycle,19,female
4482557,2017,motorcycle,truck,40,male
4482575,2017,motorcycle,truck,54,male
4482578,2017,pedestrian,bus,37,female
4482604,2017,pedestrian,motorcycle,47,female
4482782,2017,motorcycle,car,28,male
4482989,2017,motorcycle,car,34,female
4482991,2017,motorcycle,bus,21,male
4482993,2017,motorcycle,bus,35,male
4483007,2017,motorcycle,bus,21,male
4483094,2017,motorcycle,NOV,32,female
4483107,2017,motorcycle,NOV,31,female
4483201,2017,pedestrian,car,88,male
4483250,2017,cycle,NOV,42,male
4483252,2017,pedestrian,motorcycle,81,female
4483255,2017,motorcycle,NOV,23,male
4483285,2017,pedestrian,truck,59,male
4483385,2017,cycle,bus,20,female
4483387,2017,motorcycle,bus,31,male
4483493,2017,pedestrian,car,2,female
4483499,2017,motorcycle,car,20,male
4483501,2017,pedestrian,bus,8,female
4483571,2017,pedestrian,truck,11,male
4483573,2017,pedestrian,car,78,male
4483734,2017,motorcycle,car,18,male
4483737,2017,motorcycle,bus,57,male
4483758,2017,pedestrian,truck,18,male
4483866,2017,motorcycle,NOV,22,male
4483873,2017,motorcycle,motorcycle,27,male
4484044,2017,pedestrian,car,75,male
4484180,2017,pedestrian,truck,79,male
4484308,2017,motorcycle,truck,22,male
4484389,2017,motorcycle,NOV,46,male
4484555,2017,cycle,NOV,23,female
4484556,2017,cycle,NOV,46,male
4484816,2017,pedestrian,truck,49,male
4484817,2017,motorcycle,truck,31,male
4484998,2017,pedestrian,car,68,male
4485000,2017,pedestrian,car,56,male
4485100,2017,motorcycle,bus,26,male
4485101,2017,pedestrian,car,89,male
4485108,2017,pedestrian,car,44,male
4485226,2017,cycle,truck,21,male
4485227,2017,motorcycle,car,21,male
4485230,2017,car,NOV,68,male
4485244,2017,motorcycle,NOV,28,male
4485406,2017,cycle,NOV,16,male
4485407,2017,motorcycle,NOV,22,male
4485409,2017,pedestrian,truck,33,male
4485410,2017,motorcycle,car,22,male
4485538,2017,pedestrian,bus,82,female
4485744,2017,motorcycle,NOV,21,male
4485780,2017,motorcycle,truck,56,male
4485784,2017,pedestrian,bus,64,male
4485903,2017,pedestrian,truck,65,male
4485912,2017,pedestrian,motorcycle,68,male
4486008,2017,pedestrian,car,25,male
4486016,2017,pedestrian,truck,57,female
4486018,2017,pedestrian,bus,77,male
4486034,2017,car,car,32,male
4486088,2017,motorcycle,car,46,male
4486180,2017,motorcycle,car,38,male
4486295,2017,pedestrian,car,87,female
4486298,2017,car,car,74,female
4486344,2017,pedestrian,car,46,male
4486566,2017,pedestrian,truck,28,female
4486673,2017,motorcycle,NOV,26,male
4486798,2017,motorcycle,NOV,20,female
4486863,2017,pedestrian,car,65,female
4486892,2017,pedestrian,bus,75,male
4487124,2017,pedestrian,car,26,male
4487168,2017,car,NOV,18,male
4487275,2017,motorcycle,bus,22,female
4487325,2017,cycle,bus,24,male
4487339,2017,pedestrian,car,86,male
4487472,2017,motorcycle,truck,53,female
4487481,2017,motorcycle,car,53,male
4487487,2017,cycle,car,30,male
4487532,2017,pedestrian,car,81,female
4487553,2017,cycle,motorcycle,58,male
4487560,2017,pedestrian,motorcycle,68,male
4487568,2017,car,truck,34,male
4487569,2017,pedestrian,car,35,male
4487573,2017,pedestrian,cycle,75,male
4487601,2017,motorcycle,car,22,male
4487680,2017,pedestrian,car,3,male
4487822,2017,cycle,motorcycle,43,female
4487846,2017,pedestrian,car,86,female
4488097,2017,motorcycle,cycle,23,male
4488116,2017,motorcycle,NOV,20,male
4488202,2017,motorcycle,car,50,male
4488225,2017,pedestrian,car,55,male
4488236,2017,motorcycle,truck,16,male
4488265,2017,motorcycle,car,46,male
4488267,2017,pedestrian,bus,16,male
4488271,2017,motorcycle,truck,26,male
4488386,2017,pedestrian,motorcycle,74,male
4488477,2017,pedestrian,bus,32,male
4488528,2017,pedestrian,truck,67,male
4488592,2017,car,NOV,54,male
4488596,2017,motorcycle,truck,27,male
4488606,2017,pedestrian,motorcycle,29,male
4488804,2017,pedestrian,car,31,female
4488906,2017,pedestrian,car,74,male
4488907,2017,motorcycle,truck,28,male
4489127,2017,pedestrian,car,87,male
4489172,2017,pedestrian,motorcycle,72,male
4489181,2017,pedestrian,bus,25,male
4489291,2017,motorcycle,car,22,male
4489296,2017,cycle,bus,27,female
4489366,2017,pedestrian,car,52,male
4489577,2017,motorcycle,bus,19,male
4489617,2017,pedestrian,car,78,male
4489623,2017,motorcycle,car,36,female
4489628,2017,pedestrian,motorcycle,73,female
4489638,2017,pedestrian,motorcycle,59,male
4489755,2017,pedestrian,bus,30,male
4489759,2017,pedestrian,bus,55,male
4489773,2017,pedestrian,motorcycle,78,male
4489807,2017,motorcycle,truck,19,male
4490125,2017,motorcycle,truck,37,male
4490197,2017,cycle,car,46,female
4490284,2017,motorcycle,NOV,25,male
4490294,2017,motorcycle,NOV,31,male
4490323,2017,motorcycle,car,28,male
4490343,2017,pedestrian,car,27,male
4490384,2017,pedestrian,motorcycle,73,male
4490458,2017,pedestrian,motorcycle,88,male
4490522,2017,pedestrian,car,88,male
4490622,2017,motorcycle,bus,19,male
4490734,2017,motorcycle,car,45,male
4490738,2017,motorcycle,NOV,21,male
4490814,2017,motorcycle,cycle,8,male
4490824,2017,pedestrian,motorcycle,85,male
4490919,2017,pedestrian,bus,68,male
4490948,2017,cycle,NOV,20,male
4490963,2017,pedestrian,car,45,female
4490966,2017,pedestrian,car,59,male
4490984,2017,pedestrian,car,40,male
4491256,2017,motorcycle,car,33,male
4491373,2017,pedestrian,bus,50,male
4491486,2017,motorcycle,bus,28,male
4491598,2017,pedestrian,motorcycle,69,male
4491610,2017,cycle,car,29,male
4491611,2017,pedestrian,car,79,female
4491620,2017,pedestrian,motorcycle,90,male
4492106,2017,pedestrian,motorcycle,80,male
4492119,2017,pedestrian,motorcycle,59,male
4492122,2017,pedestrian,bus,54,male
4492209,2017,motorcycle,truck,53,female
4492291,2017,motorcycle,bus,21,female
4492294,2017,motorcycle,truck,34,male
4492486,2017,pedestrian,bus,19,male
4492654,2017,pedestrian,car,84,male
4492660,2017,pedestrian,motorcycle,73,female
4492748,2017,pedestrian,bus,64,male
4492752,2017,pedestrian,motorcycle,71,male
4492753,2017,cycle,car,24,male
4492802,2017,motorcycle,NOV,18,male
4493155,2017,pedestrian,motorcycle,84,male
4493291,2017,cycle,car,44,male
4493297,2017,pedestrian,bus,92,male
4493417,2017,pedestrian,motorcycle,74,male
4493418,2017,cycle,truck,18,male
4493631,2017,cycle,NOV,60,male
4493671,2017,motorcycle,NOV,29,male
4493711,2017,pedestrian,car,50,male
4493847,2017,pedestrian,car,20,male
4493992,2017,motorcycle,truck,20,male
4493995,2017,pedestrian,truck,57,male
4493999,2017,pedestrian,bus,82,female
4494002,2017,pedestrian,car,49,female
4494132,2017,motorcycle,truck,27,male
4494208,2017,cycle,NOV,84,male
4494210,2017,motorcycle,NOV,54,male
4494226,2017,pedestrian,motorcycle,74,female
4494227,2017,cycle,truck,10,male
4494324,2017,motorcycle,bus,23,male
4494359,2017,motorcycle,bus,18,male
4494420,2017,pedestrian,car,79,male
4494424,2017,pedestrian,motorcycle,90,male
4494426,2017,pedestrian,car,56,male
4494428,2017,cycle,bus,18,male
4494461,2017,cycle,car,57,male
4494462,2017,pedestrian,bus,23,female
4494586,2017,pedestrian,bus,76,male
4494788,2017,pedestrian,car,17,female
4494801,2017,pedestrian,car,83,male
4494809,2017,pedestrian,car,60,male
4494865,2017,motorcycle,car,42,male
4494867,2017,pedestrian,truck,44,male
4494885,2017,pedestrian,car,50,male
4495010,2017,motorcycle,car,23,female
4495014,2017,pedestrian,motorcycle,44,female
4495082,2017,motorcycle,motorcycle,35,male
4495084,2017,motorcycle,bus,22,female
4495243,2017,motorcycle,car,32,male
4495528,2017,cycle,car,22,male
4495601,2017,pedestrian,bus,48,female
4495849,2017,motorcycle,car,26,male
4495961,2017,motorcycle,truck,22,female
4495964,2017,pedestrian,car,1,male
4496083,2017,pedestrian,truck,83,male
4496201,2017,motorcycle,truck,42,female
4496212,2017,pedestrian,motorcycle,22,male
4496272,2017,pedestrian,motorcycle,73,female
4496494,2017,motorcycle,bus,36,male
4496531,2017,pedestrian,motorcycle,86,female
4496538,2017,pedestrian,bus,24,female
4496612,2017,cycle,bus,19,female
4496738,2017,motorcycle,car,31,male
4496896,2017,motorcycle,car,43,male
4496899,2017,pedestrian,car,57,male
4496900,2017,motorcycle,bus,25,male
4496972,2017,pedestrian,bus,25,male
4497002,2017,pedestrian,motorcycle,81,male
4497135,2017,pedestrian,motorcycle,87,male
4497176,2017,pedestrian,car,76,female
4497239,2017,motorcycle,truck,50,female
4497323,2017,motorcycle,motorcycle,54,male
4497340,2017,car,car,40,male
4497437,2017,cycle,NOV,30,female
4497455,2017,motorcycle,truck,29,male
4497771,2017,motorcycle,truck,27,female
4497794,2017,pedestrian,bus,78,male
4497953,2017,bus,NOV,27,male
4498035,2017,motorcycle,NOV,44,female
4498036,2017,motorcycle,car,29,male
4498038,2017,cycle,NOV,28,male
4498042,2017,pedestrian,bus,18,female
4498237,2017,pedestrian,motorcycle,52,male
4498250,2017,pedestrian,bus,89,male
4498252,2017,motorcycle,NOV,28,male
4498254,2017,motorcycle,car,20,female
4498387,2017,motorcycle,truck,41,male
4498399,2017,pedestrian,car,24,male
4498621,2017,motorcycle,NOV,22,male
4498621,2017,pedestrian,motorcycle,54,male
4498659,2017,pedestrian,car,19,male
4498660,2017,motorcycle,bus,29,male
4498693,2017,car,NOV,26,male
4498772,2017,car,bus,66,female
4498773,2017,motorcycle,NOV,59,female
4498798,2017,cycle,bus,43,male
4498806,2017,car,bus,41,male
4498811,2017,motorcycle,NOV,25,male
4498947,2017,car,bus,33,male
4498951,2017,car,car,47,female
4499167,2017,cycle,car,47,male
4499267,2017,pedestrian,car,75,female
4499268,2017,motorcycle,car,28,male
4499270,2017,cycle,car,22,female
4499303,2017,pedestrian,car,16,male
4499459,2017,pedestrian,truck,79,male
4499618,2017,pedestrian,motorcycle,71,male
4499763,2017,pedestrian,motorcycle,71,male
4499823,2017,motorcycle,NOV,28,male
4499991,2017,pedestrian,cycle,24,male
4499991,2017,pedestrian,cycle,45,male
4500231,2017,motorcycle,NOV,37,male
4500420,2017,cycle,truck,83,male
4500624,2017,motorcycle,truck,28,male
4500709,2017,motorcycle,car,25,male
4500711,2017,pedestrian,truck,54,male
4500751,2017,pedestrian,car,77,female
4500837,2017,motorcycle,NOV,35,male
4500838,2017,car,bus,21,male
4500840,2017,motorcycle,bus,17,female
4500842,2017,pedestrian,car,26,female
4500978,2017,motorcycle,truck,35,male
4500981,2017,motorcycle,car,29,male
4501406,2017,motorcycle,car,27,male
4501539,2017,pedestrian,car,81,male
4501540,2017,pedestrian,bus,89,male
4501636,2017,pedestrian,car,16,female
4501745,2017,motorcycle,truck,26,male
4501910,2017,car,bus,63,male
4502060,2017,motorcycle,NOV,45,male
4502084,2017,pedestrian,bus,40,female
4502108,2017,pedestrian,bus,52,male
4502137,2017,motorcycle,NOV,33,male
4502139,2017,motorcycle,truck,26,male
4502332,2017,pedestrian,car,19,male
4502343,2017,pedestrian,motorcycle,72,male
4502344,2017,pedestrian,motorcycle,74,male
4502355,2017,pedestrian,motorcycle,74,female
4502492,2017,pedestrian,truck,42,male
4502493,2017,pedestrian,car,24,male
4502499,2017,cycle,bus,50,male
4502507,2017,motorcycle,car,34,male
4502729,2017,pedestrian,car,51,male
4502735,2017,cycle,bus,24,male
4502843,2017,motorcycle,car,44,male
4502866,2017,motorcycle,car,19,female
4502963,2017,pedestrian,motorcycle,52,female
4502964,2017,pedestrian,motorcycle,68,female
4502965,2017,motorcycle,NOV,35,male
4502967,2017,truck,NOV,6,male
4502986,2017,motorcycle,car,22,female
4502987,2017,motorcycle,motorcycle,19,male
4503003,2017,motorcycle,car,27,male
4503004,2017,motorcycle,car,21,female
4503005,2017,pedestrian,car,85,male
4503006,2017,motorcycle,truck,27,male
4503153,2017,pedestrian,car,22,male
4503154,2017,cycle,truck,41,male
4503612,2017,bus,NOV,60,male
4503621,2017,pedestrian,bus,71,female
4503659,2017,motorcycle,bus,47,female
4503743,2017,pedestrian,bus,75,male
4503752,2017,pedestrian,car,23,male
4503757,2017,pedestrian,car,65,male
4503837,2017,pedestrian,truck,32,male
4503880,2017,pedestrian,car,40,male
4503922,2017,pedestrian,car,68,male
4504002,2017,cycle,bus,20,male
4504004,2017,motorcycle,NOV,27,male
4504007,2017,motorcycle,NOV,24,male
4504175,2017,pedestrian,car,67,male
4504248,2017,pedestrian,car,51,male
4504293,2017,motorcycle,bus,22,female
4504294,2017,pedestrian,car,2,male
4504433,2017,pedestrian,car,24,male
4504494,2017,motorcycle,NOV,36,male
4504533,2017,motorcycle,motorcycle,36,male
4504604,2018,truck,motorcycle,30,male
4504621,2017,motorcycle,bus,29,male
4504623,2018,cycle,NOV,54,male
4504692,2018,motorcycle,truck,39,female
4504743,2018,pedestrian,motorcycle,58,male
4504818,2018,pedestrian,motorcycle,67,female
4504831,2018,cycle,car,31,male
4504940,2018,pedestrian,motorcycle,60,female
4504998,2018,pedestrian,bus,66,female
4505065,2017,pedestrian,car,19,male
4505097,2018,cycle,motorcycle,79,male
4505099,2018,pedestrian,car,19,female
4505158,2018,cycle,truck,21,male
4505230,2018,motorcycle,motorcycle,39,male
4505307,2018,motorcycle,truck,32,male
4505315,2018,pedestrian,bus,50,female
4505366,2018,pedestrian,bus,21,male
4505775,2018,pedestrian,car,91,female
4505826,2018,pedestrian,motorcycle,70,female
4505828,2018,motorcycle,car,44,male
4505890,2018,motorcycle,bus,33,female
4506033,2018,pedestrian,motorcycle,74,male
4506128,2018,motorcycle,NOV,22,male
4506377,2018,pedestrian,bus,84,female
4506814,2018,motorcycle,bus,44,male
4506818,2018,motorcycle,car,28,male
4506953,2018,pedestrian,truck,86,male
4507082,2018,motorcycle,NOV,24,male
4507083,2018,motorcycle,truck,28,female
4507087,2018,pedestrian,bus,29,male
4507174,2018,pedestrian,car,80,female
4507245,2018,motorcycle,NOV,22,male
4507246,2018,pedestrian,car,69,male
4507248,2018,motorcycle,NOV,33,male
4507264,2018,pedestrian,motorcycle,42,male
4507639,2018,pedestrian,car,54,male
4507641,2018,cycle,motorcycle,45,male
4507676,2018,cycle,bus,32,male
4507679,2018,pedestrian,motorcycle,79,female
4507801,2018,motorcycle,car,39,male
4507806,2018,motorcycle,car,30,male
4507811,2018,pedestrian,motorcycle,67,male
4507871,2018,pedestrian,motorcycle,64,female
4507963,2018,cycle,car,50,male
4507968,2018,motorcycle,motorcycle,24,male
4507969,2018,pedestrian,motorcycle,39,male
4508177,2018,cycle,car,29,male
4508231,2018,pedestrian,motorcycle,84,male
4508281,2018,pedestrian,bus,26,male
4508556,2018,pedestrian,motorcycle,57,male
4508711,2018,motorcycle,bus,22,male
4508746,2018,cycle,car,64,male
4508775,2018,cycle,truck,38,male
4508781,2018,pedestrian,bus,51,male
4508814,2018,motorcycle,NOV,44,male
4509071,2018,cycle,truck,23,male
4509089,2018,motorcycle,NOV,21,male
4509146,2018,pedestrian,car,56,male
4509275,2018,pedestrian,car,29,male
4509389,2018,motorcycle,car,28,male
4509430,2018,motorcycle,car,26,male
4509497,2018,pedestrian,car,74,male
4509504,2018,pedestrian,car,38,male
4509618,2018,motorcycle,NOV,42,male
4509619,2018,pedestrian,motorcycle,69,male
4509774,2018,motorcycle,car,27,male
4509775,2018,pedestrian,car,75,male
4509910,2018,motorcycle,NOV,21,male
4509914,2018,pedestrian,motorcycle,60,male
4509952,2018,cycle,car,42,male
4510172,2018,pedestrian,motorcycle,89,male
4510182,2018,pedestrian,motorcycle,74,male
4510208,2018,pedestrian,bus,19,male
4510255,2018,motorcycle,NOV,38,male
4510256,2018,motorcycle,car,33,male
4510266,2018,motorcycle,NOV,29,male
4510298,2018,pedestrian,motorcycle,89,male
4510300,2018,pedestrian,motorcycle,86,male
4510444,2018,pedestrian,motorcycle,68,female
4510540,2018,pedestrian,motorcycle,74,male
4511073,2018,cycle,motorcycle,37,female
4511322,2018,motorcycle,truck,33,male
4511382,2018,pedestrian,motorcycle,77,female
4511389,2018,pedestrian,bus,86,male
4511539,2018,motorcycle,truck,24,female
4511695,2018,pedestrian,bus,18,male
4511840,2018,pedestrian,car,66,male
4511842,2018,motorcycle,NOV,42,male
4511856,2018,pedestrian,car,34,male
4511953,2018,motorcycle,truck,29,male
4511954,2018,motorcycle,truck,21,male
4511955,2018,motorcycle,truck,49,male
4512034,2018,motorcycle,car,20,male
4512117,2018,pedestrian,bus,64,male
4512118,2018,pedestrian,motorcycle,118,male
4512132,2018,pedestrian,car,62,male
4512314,2018,motorcycle,truck,21,male
4512641,2018,pedestrian,bus,70,male
4512653,2018,motorcycle,NOV,32,male
4512675,2018,motorcycle,NOV,25,male
4512675,2018,motorcycle,NOV,24,male
4512790,2018,motorcycle,bus,30,male
4512977,2018,pedestrian,truck,40,male
4513068,2018,car,NOV,22,male
4513070,2018,pedestrian,bus,17,male
4513077,2018,pedestrian,car,71,female
4513115,2018,pedestrian,car,32,male
4513115,2018,pedestrian,car,51,male
4513123,2018,pedestrian,bus,52,male
4513124,2018,pedestrian,motorcycle,40,male
4513145,2018,cycle,car,21,male
4513178,2018,cycle,bus,28,male
4513188,2018,pedestrian,truck,74,female
4513386,2018,pedestrian,bus,57,female
4513432,2018,motorcycle,car,20,male
4513522,2018,motorcycle,truck,24,male
4513524,2018,cycle,truck,51,male
4513715,2018,motorcycle,bus,23,male
4513738,2018,pedestrian,motorcycle,83,male
4513802,2018,motorcycle,bus,29,male
4513804,2018,pedestrian,car,77,female
4513805,2018,cycle,truck,77,male
4513898,2018,pedestrian,car,41,male
4513935,2018,pedestrian,motorcycle,17,female
4514194,2018,pedestrian,car,76,male
4514331,2018,cycle,bus,62,male
4514400,2018,motorcycle,bus,44,male
4514605,2018,pedestrian,car,87,female
4514680,2018,cycle,truck,41,male
4514692,2018,pedestrian,car,57,male
4514697,2018,cycle,bus,87,male
4514701,2018,pedestrian,car,66,male
4514740,2018,pedestrian,motorcycle,78,male
4514843,2018,car,NOV,22,male
4515019,2018,pedestrian,motorcycle,73,male
4515029,2018,pedestrian,car,34,female
4515144,2018,motorcycle,bus,26,male
4515146,2018,motorcycle,truck,30,female
4515208,2018,pedestrian,bus,28,male
4515265,2018,cycle,car,19,male
4515289,2018,pedestrian,motorcycle,54,male
4515298,2018,pedestrian,car,36,female
4515496,2018,pedestrian,car,76,male
4515613,2018,pedestrian,bus,21,male
4515742,2018,pedestrian,motorcycle,28,male
4515800,2018,motorcycle,bus,27,male
4515866,2018,pedestrian,motorcycle,53,male
4515868,2018,pedestrian,motorcycle,87,male
4515944,2018,motorcycle,truck,25,female
4516149,2018,motorcycle,NOV,28,male
4516151,2018,truck,NOV,37,male
4516153,2018,bus,NOV,60,male
4516233,2018,motorcycle,bus,23,male
4516245,2018,motorcycle,bus,31,male
4516401,2018,motorcycle,truck,23,male
4516578,2018,cycle,NOV,30,male
10446665,2018,motorcycle,truck,23,male
10446667,2018,pedestrian,motorcycle,71,male
10446668,2018,cycle,motorcycle,37,male
10446668,2018,motorcycle,cycle,25,male
10446670,2018,pedestrian,bus,33,male
10446674,2018,motorcycle,NOV,31,male
10446723,2018,motorcycle,NOV,23,male
10446723,2018,pedestrian,motorcycle,23,female
10446776,2018,pedestrian,car,28,male
10446800,2018,motorcycle,car,25,male
10446836,2018,cycle,car,20,male
10446979,2018,car,car,51,male
10447022,2018,pedestrian,bus,73,male
10447023,2018,pedestrian,NOV,31,male
10447114,2018,cycle,bus,37,female
10447115,2018,motorcycle,bus,21,male
10447165,2018,motorcycle,truck,30,male
10447249,2018,motorcycle,truck,26,male
10447372,2018,motorcycle,NOV,30,female
10447373,2018,motorcycle,truck,31,male
10447375,2018,pedestrian,truck,26,male
10447436,2018,car,NOV,21,male
10447505,2018,pedestrian,motorcycle,30,male
10447520,2018,pedestrian,motorcycle,48,male
10447520,2018,pedestrian,motorcycle,65,male
10447555,2018,pedestrian,motorcycle,67,male
10447557,2018,pedestrian,NOV,28,female
10447881,2018,motorcycle,car,22,male
10448158,2018,pedestrian,bus,84,female
10448175,2018,car,NOV,34,male
10448199,2018,pedestrian,NOV,31,male
10448322,2018,motorcycle,truck,48,male
10448420,2018,motorcycle,car,26,female
10448481,2018,motorcycle,truck,43,male
10448625,2018,pedestrian,truck,37,male
10448670,2018,pedestrian,bus,18,male
10448757,2018,motorcycle,NOV,39,male
10448885,2018,motorcycle,car,22,male
10448972,2018,cycle,truck,56,male
10449148,2018,pedestrian,car,58,male
10449226,2018,pedestrian,car,60,female
10449576,2018,pedestrian,motorcycle,66,male
10449637,2018,pedestrian,bus,25,male
10449685,2018,cycle,car,61,male
10449690,2018,motorcycle,bus,29,male
10449757,2018,cycle,bus,61,female
10449776,2018,motorcycle,NOV,26,female
10449803,2018,cycle,bus,18,male
10449830,2018,motorcycle,bus,63,male
10449831,2018,pedestrian,bus,24,male
10449982,2018,bus,NOV,59,female
10450004,2018,motorcycle,truck,20,male
10450048,2018,motorcycle,car,20,male
10450105,2018,pedestrian,car,79,male
10450130,2018,motorcycle,NOV,28,male
10450132,2018,motorcycle,truck,29,male
10450180,2018,pedestrian,car,31,male
10450301,2018,car,NOV,31,male
10450302,2018,pedestrian,motorcycle,78,male
10450368,2018,motorcycle,truck,57,male
10450369,2018,pedestrian,car,55,male
10450370,2018,motorcycle,NOV,37,male
10450370,2018,pedestrian,motorcycle,38,male
10450439,2018,pedestrian,motorcycle,77,female
10450508,2018,motorcycle,truck,43,male
10450654,2018,pedestrian,bus,63,male
10450841,2018,pedestrian,NOV,63,male
10450981,2018,pedestrian,motorcycle,59,female
10451039,2018,cycle,bus,81,male
10451040,2018,cycle,bus,23,male
10451042,2018,cycle,NOV,47,male
10451055,2018,cycle,bus,58,male
10451121,2018,motorcycle,truck,28,male
10451123,2018,motorcycle,car,35,male
10451124,2018,motorcycle,NOV,27,male
10451128,2018,cycle,bus,28,male
10451321,2018,pedestrian,NOV,38,female
10451322,2018,pedestrian,bus,71,male
10451478,2018,motorcycle,truck,32,male
10451498,2018,pedestrian,car,21,male
10451761,2018,motorcycle,bus,50,male
10451876,2018,pedestrian,motorcycle,55,female
10451968,2018,pedestrian,motorcycle,118,male
10452002,2018,motorcycle,NOV,33,male
10452003,2018,pedestrian,car,75,male
10452006,2018,motorcycle,car,29,male
10452030,2018,pedestrian,bus,24,male
10452076,2018,pedestrian,motorcycle,58,male
10452299,2018,pedestrian,motorcycle,47,female
10452426,2018,motorcycle,NOV,24,male
10452647,2018,motorcycle,car,21,male
10452737,2018,motorcycle,truck,24,male
10452792,2018,motorcycle,car,26,male
10452824,2018,pedestrian,truck,72,female
10453073,2018,pedestrian,motorcycle,59,male
10453233,2018,motorcycle,car,24,male
10453234,2018,pedestrian,truck,1,male
10453276,2018,cycle,truck,75,male
10453278,2018,pedestrian,bus,64,male
10453279,2018,motorcycle,truck,38,male
10453291,2018,pedestrian,motorcycle,74,male
10453336,2018,car,bus,26,male
10453418,2018,pedestrian,motorcycle,73,male
10453456,2018,motorcycle,car,27,male
10453487,2018,pedestrian,car,63,male
10453502,2018,bus,NOV,66,male
10453586,2018,motorcycle,truck,37,male
10453846,2018,pedestrian,NOV,49,female
10453847,2018,pedestrian,motorcycle,42,male
10453870,2018,pedestrian,motorcycle,49,male
10453983,2018,motorcycle,motorcycle,20,female
10454004,2018,pedestrian,motorcycle,68,male
10454059,2018,pedestrian,car,83,male
10454073,2018,motorcycle,NOV,33,female
10454220,2018,motorcycle,NOV,23,male
10454271,2018,motorcycle,truck,33,male
10454272,2018,pedestrian,bus,57,male
10454273,2018,motorcycle,NOV,20,male
10454346,2018,motorcycle,bus,42,female
10454444,2018,motorcycle,truck,42,male
10454514,2018,pedestrian,motorcycle,73,female
10454661,2018,motorcycle,car,26,male
10454695,2018,motorcycle,truck,26,male
10454803,2018,motorcycle,NOV,23,male
10454832,2018,motorcycle,bus,22,male
10454928,2018,pedestrian,car,22,male
10455023,2018,pedestrian,motorcycle,71,male
10455100,2018,motorcycle,truck,21,female
10455154,2018,cycle,NOV,61,male
10455473,2018,cycle,truck,21,male
10455564,2018,pedestrian,car,48,male
10455687,2018,motorcycle,car,45,female
10455687,2018,motorcycle,car,46,male
10455779,2018,pedestrian,truck,62,male
10455995,2018,pedestrian,motorcycle,78,male
10456009,2018,bus,bus,88,male
10456174,2018,motorcycle,car,28,male
10456210,2018,pedestrian,motorcycle,118,female
10456213,2018,cycle,truck,19,male
10456309,2018,car,NOV,16,female
10456360,2018,pedestrian,car,57,male
10456449,2018,motorcycle,truck,21,male
10456822,2018,pedestrian,car,81,female
10456832,2018,cycle,NOV,17,male
10456852,2018,pedestrian,motorcycle,67,male
10456942,2018,motorcycle,bus,37,female
10456943,2018,pedestrian,NOV,46,male
10457012,2018,pedestrian,motorcycle,82,male
10457098,2018,motorcycle,bus,22,male
10457099,2018,motorcycle,bus,36,male
10457506,2018,cycle,truck,39,male
10457664,2018,pedestrian,car,41,female
10457670,2018,motorcycle,NOV,23,male
10457672,2018,motorcycle,car,23,female
10457687,2018,pedestrian,motorcycle,64,male
10457790,2018,motorcycle,NOV,21,male
10457791,2018,cycle,bus,23,female
10457899,2018,cycle,motorcycle,76,male
10458108,2018,pedestrian,car,79,male
10458247,2018,pedestrian,car,69,male
10458256,2018,motorcycle,NOV,24,male
10458265,2018,cycle,car,20,female
10458308,2018,pedestrian,car,63,male
10458634,2018,pedestrian,car,31,female
10458660,2018,motorcycle,car,62,male
10458688,2018,pedestrian,NOV,118,male
10458825,2018,pedestrian,motorcycle,33,female
10458859,2018,motorcycle,NOV,28,male
10458868,2018,motorcycle,truck,37,male
10458946,2018,motorcycle,truck,26,female
10458946,2018,motorcycle,truck,26,male
10459021,2018,pedestrian,motorcycle,77,female
10459026,2018,pedestrian,car,36,male
10459181,2018,pedestrian,car,34,male
10459183,2018,motorcycle,truck,38,male
10459186,2018,motorcycle,car,19,female
10459274,2018,motorcycle,truck,25,male
10459381,2018,car,NOV,22,female
10459381,2018,car,NOV,25,male
10459381,2018,car,NOV,23,female
10459432,2018,pedestrian,motorcycle,40,male
10459452,2018,pedestrian,motorcycle,73,male
10459673,2018,pedestrian,car,25,male
10459732,2018,pedestrian,truck,26,male
10459787,2018,motorcycle,NOV,36,male
10459788,2018,motorcycle,truck,35,male
10459862,2018,motorcycle,truck,45,male
10460203,2018,cycle,truck,61,male
10460204,2018,motorcycle,truck,54,female
10460280,2018,cycle,truck,23,male
10460377,2018,motorcycle,bus,20,male
10460378,2018,motorcycle,truck,42,male
10460507,2018,pedestrian,motorcycle,118,male
10460975,2018,cycle,truck,17,male
10461007,2018,cycle,truck,27,female
10461046,2018,car,motorcycle,38,male
10461244,2018,cycle,bus,30,male
10461326,2018,pedestrian,NOV,48,male
10461359,2018,motorcycle,car,24,male
10461726,2018,motorcycle,car,27,female
10461727,2018,pedestrian,bus,23,male
10461803,2018,pedestrian,motorcycle,45,male
10461854,2018,pedestrian,bus,51,female
10461858,2018,motorcycle,truck,20,female
10462026,2018,motorcycle,truck,22,male
10462095,2018,motorcycle,NOV,50,female
10462198,2018,pedestrian,car,32,male
10462203,2018,pedestrian,car,79,male
10462337,2018,motorcycle,truck,24,male
10462370,2018,pedestrian,bus,46,male
10462571,2018,motorcycle,truck,50,male
10462601,2018,cycle,car,52,male
10462679,2018,motorcycle,NOV,64,male
10462894,2018,pedestrian,car,66,female
10462896,2018,motorcycle,bus,29,male
10463051,2018,pedestrian,car,55,male
10463054,2018,motorcycle,car,44,female
10463088,2018,pedestrian,truck,17,male
10463253,2018,pedestrian,motorcycle,118,female
10463307,2018,pedestrian,car,66,female
10463408,2018,motorcycle,NOV,21,male
10463529,2018,motorcycle,NOV,27,male
10463532,2018,motorcycle,motorcycle,23,male
10463536,2018,motorcycle,NOV,22,male
10463661,2018,pedestrian,car,55,female
10463690,2018,motorcycle,car,20,male
10463860,2018,pedestrian,motorcycle,78,male
10464098,2018,pedestrian,truck,21,male
10464099,2018,cycle,NOV,23,male
10464110,2018,pedestrian,car,63,male
10464300,2018,pedestrian,bus,52,male
10464386,2018,motorcycle,NOV,27,female
10464505,2018,cycle,car,27,male
10464676,2018,pedestrian,bus,97,male
10464853,2018,motorcycle,cycle,30,male
10464941,2018,motorcycle,bus,36,female
10465125,2018,motorcycle,bus,40,male
10465125,2018,motorcycle,bus,38,female
10465126,2018,pedestrian,bus,95,male
10465324,2018,pedestrian,motorcycle,74,male
10465467,2018,motorcycle,car,23,male
10465519,2018,pedestrian,bus,73,female
10465583,2018,car,NOV,35,male
10465622,2018,pedestrian,motorcycle,63,male
10465630,2018,motorcycle,bus,38,male
10465631,2018,pedestrian,car,22,female
10465632,2018,motorcycle,bus,22,male
10465634,2018,cycle,bus,26,male
10465635,2018,motorcycle,truck,19,female
10465669,2018,cycle,car,52,male
10465853,2018,pedestrian,motorcycle,83,male
10465924,2018,pedestrian,truck,118,male
10465926,2018,motorcycle,bus,39,male
10466111,2018,pedestrian,car,88,male
10466358,2018,pedestrian,car,27,male
10466430,2018,motorcycle,bus,30,male
10466432,2018,pedestrian,car,80,male
10466502,2018,bus,motorcycle,18,male
10466613,2018,cycle,bus,59,male
10466900,2018,pedestrian,truck,88,male
10466966,2018,pedestrian,motorcycle,74,male
10466971,2018,pedestrian,car,118,male
10467109,2018,pedestrian,car,4,male
10467110,2018,pedestrian,NOV,37,male
10467111,2018,pedestrian,bus,45,male
10467112,2018,motorcycle,truck,55,male
10467113,2018,pedestrian,NOV,33,female
10467233,2018,car,car,42,female
10467573,2018,cycle,car,64,male
10467790,2018,motorcycle,cycle,21,male
10467843,2018,cycle,truck,24,male
10467854,2018,motorcycle,NOV,23,male
10467856,2018,pedestrian,car,21,female
10467859,2018,cycle,NOV,21,male
10467942,2018,pedestrian,motorcycle,23,male
10468308,2018,car,car,25,female
10468309,2018,motorcycle,bus,29,male
10468501,2018,pedestrian,motorcycle,88,male
10468571,2018,cycle,NOV,44,male
10468627,2018,motorcycle,NOV,24,male
10468641,2018,motorcycle,truck,20,male
10469038,2018,cycle,motorcycle,74,male
10469083,2018,pedestrian,car,80,male
10469379,2018,bus,NOV,78,female
10469460,2018,pedestrian,bus,29,female
10469479,2018,pedestrian,bus,54,female
10469580,2018,motorcycle,truck,35,male
10469739,2018,pedestrian,motorcycle,79,male
10470077,2018,pedestrian,bus,64,male
10470108,2018,pedestrian,bus,26,male
10470116,2018,pedestrian,car,89,male
10470118,2018,pedestrian,car,24,female
10470155,2018,motorcycle,bus,33,male
10470156,2018,cycle,car,44,female
10470163,2018,pedestrian,bus,54,male
10470178,2018,motorcycle,NOV,22,male
10470189,2018,motorcycle,NOV,29,male
10470335,2018,pedestrian,motorcycle,118,female
10470454,2018,cycle,truck,48,male
10470514,2018,car,bus,28,male
10470608,2018,motorcycle,bus,25,male
10470673,2018,pedestrian,bus,26,male
10470832,2018,pedestrian,motorcycle,54,female
10470906,2018,pedestrian,bus,36,female
10471011,2018,motorcycle,truck,40,male
10471012,2018,bus,NOV,70,male
10471013,2018,motorcycle,NOV,33,male
10471049,2018,pedestrian,motorcycle,86,male
10471155,2018,pedestrian,car,22,male
10471156,2018,motorcycle,NOV,26,male
10471201,2018,pedestrian,NOV,28,male
10471706,2018,pedestrian,bus,86,male
10471711,2018,cycle,NOV,29,male
10471713,2018,motorcycle,NOV,21,male
10471715,2018,pedestrian,car,59,female
10471903,2019,pedestrian,motorcycle,80,male
10471904,2019,pedestrian,car,19,male
10472142,2019,motorcycle,NOV,28,male
10472245,2018,motorcycle,bus,36,male
10472247,2018,motorcycle,car,32,male
10472248,2019,pedestrian,truck,50,male
10472526,2019,cycle,bus,76,female
10472717,2019,cycle,truck,39,female
10472719,2019,motorcycle,bus,11,female
10472723,2019,motorcycle,NOV,28,male
10472730,2019,pedestrian,motorcycle,57,male
10472795,2019,cycle,truck,64,male
10473314,2019,motorcycle,bus,31,male
10473316,2019,cycle,truck,21,male
10473340,2019,pedestrian,bus,74,male
10473350,2019,pedestrian,bus,39,male
10473533,2019,pedestrian,NOV,86,male
10473534,2019,pedestrian,motorcycle,29,male
10473568,2019,pedestrian,motorcycle,76,male
10473702,2019,cycle,truck,18,female
10473995,2019,motorcycle,car,54,male
10474227,2019,pedestrian,motorcycle,76,male
10474309,2019,pedestrian,NOV,46,male
10474310,2019,motorcycle,truck,20,female
10474530,2019,truck,NOV,51,male
10474579,2019,car,car,6,male
10474703,2019,motorcycle,truck,19,male
10474734,2019,pedestrian,bus,74,female
10474755,2019,cycle,bus,32,male
10474873,2019,pedestrian,motorcycle,64,female
10475034,2019,pedestrian,bus,26,male
10475144,2019,pedestrian,car,48,male
10475169,2019,cycle,motorcycle,27,female
10475170,2019,cycle,truck,28,male
10475172,2019,cycle,car,33,female
10475244,2019,motorcycle,truck,24,female
10475477,2019,cycle,motorcycle,64,male
10475595,2019,motorcycle,truck,25,male
10475597,2019,motorcycle,car,21,male
10475603,2019,pedestrian,car,78,male
10475666,2019,pedestrian,bus,81,male
10475850,2019,motorcycle,bus,19,male
10475932,2019,motorcycle,bus,27,male
10475949,2019,pedestrian,bus,18,male
10475957,2019,motorcycle,truck,36,male
10475959,2019,motorcycle,NOV,38,male
10475960,2019,pedestrian,motorcycle,72,female
10475983,2019,pedestrian,car,91,male
10476091,2019,pedestrian,bus,67,male
10476275,2019,motorcycle,truck,20,male
10476280,2019,pedestrian,cycle,89,male
10476370,2019,motorcycle,NOV,27,male
10476371,2019,car,truck,48,male
10476579,2019,pedestrian,NOV,60,male
10476609,2019,motorcycle,bus,19,male
10476628,2019,pedestrian,car,73,male
10476782,2019,pedestrian,NOV,22,male
10476894,2019,cycle,car,77,male
10477030,2019,pedestrian,motorcycle,28,male
10477151,2019,cycle,truck,10,male
10477181,2019,motorcycle,NOV,41,male
10477230,2019,pedestrian,motorcycle,70,male
10477297,2019,pedestrian,NOV,18,male
10477299,2019,pedestrian,car,55,male
10477300,2019,pedestrian,motorcycle,30,male
10477301,2019,motorcycle,NOV,20,male
10477302,2019,motorcycle,NOV,49,female
10477329,2019,pedestrian,car,45,male
10477335,2019,pedestrian,motorcycle,31,male
10477369,2019,pedestrian,motorcycle,76,male
10477460,2019,motorcycle,car,58,male
10477504,2019,pedestrian,bus,25,male
10477618,2019,motorcycle,truck,24,male
10477641,2019,motorcycle,NOV,59,male
10477746,2019,pedestrian,car,74,male
10477877,2019,cycle,truck,21,male
10477924,2019,pedestrian,motorcycle,87,male
10477992,2019,cycle,truck,32,male
10478079,2019,cycle,car,22,male
10478148,2019,cycle,bus,31,male
10478396,2019,pedestrian,car,73,male
10478508,2019,pedestrian,motorcycle,63,male
10478568,2019,car,truck,23,female
10478568,2019,car,truck,1,female
10478568,2019,car,truck,69,female
10478683,2019,motorcycle,NOV,31,male
10478844,2019,pedestrian,truck,41,female
10478878,2019,cycle,truck,39,male
10479074,2019,motorcycle,car,47,male
10479116,2019,motorcycle,truck,28,male
10479121,2019,pedestrian,car,85,female
10479249,2018,pedestrian,NOV,68,male
10479250,2018,pedestrian,bus,37,male
10479250,2018,pedestrian,bus,52,male
10479251,2018,motorcycle,bus,23,male
10479251,2018,motorcycle,bus,29,female
10479256,2018,motorcycle,motorcycle,53,male
10479256,2018,motorcycle,motorcycle,18,male
10479261,2018,pedestrian,car,90,female
10479261,2018,pedestrian,car,88,male
10479262,2018,pedestrian,bus,10,male
10479263,2018,pedestrian,car,2,male
10479299,2019,motorcycle,motorcycle,26,male
10479340,2019,motorcycle,truck,23,male
10479341,2019,pedestrian,car,77,male
10479343,2019,motorcycle,car,30,female
10479713,2019,pedestrian,motorcycle,70,male
10479818,2019,motorcycle,truck,45,male
10479844,2019,pedestrian,bus,57,male
10479853,2019,motorcycle,truck,29,male
10479900,2019,motorcycle,NOV,27,male
10480067,2019,pedestrian,car,94,male
10480075,2019,pedestrian,motorcycle,19,female
10480176,2019,motorcycle,bus,29,male
10480199,2019,cycle,car,53,male
10480246,2019,cycle,motorcycle,3,male
10480247,2019,pedestrian,bus,89,male
10480461,2019,pedestrian,truck,82,male
10480581,2019,pedestrian,bus,26,male
10480601,2019,pedestrian,car,19,male
10480690,2019,pedestrian,truck,20,female
10480691,2019,car,NOV,27,male
10480791,2019,motorcycle,bus,23,male
10480792,2019,motorcycle,truck,30,female
10480974,2019,motorcycle,NOV,19,male
10481192,2019,motorcycle,car,28,male
10481311,2019,pedestrian,motorcycle,87,male
10481334,2019,pedestrian,motorcycle,32,male
10481590,2019,pedestrian,truck,19,male
10481595,2019,pedestrian,car,19,male
10481646,2019,pedestrian,truck,85,male
10481648,2019,motorcycle,car,28,female
10481650,2019,pedestrian,NOV,4,male
10481673,2019,car,car,35,male
10481827,2019,pedestrian,truck,74,male
10481834,2019,pedestrian,motorcycle,65,female
10482021,2019,pedestrian,motorcycle,77,male
10482064,2019,bus,NOV,31,male
10482073,2019,pedestrian,truck,23,male
10482141,2019,pedestrian,bus,79,male
10482142,2019,motorcycle,truck,26,male
10482282,2019,pedestrian,motorcycle,62,female
10482398,2019,cycle,truck,75,male
10482419,2019,pedestrian,motorcycle,69,male
10482439,2019,motorcycle,NOV,29,male
10482497,2019,pedestrian,bus,43,female
10482538,2019,pedestrian,motorcycle,46,female
10482707,2019,cycle,truck,55,female
10482776,2019,pedestrian,truck,22,male
10482778,2019,motorcycle,bus,24,male
10482843,2019,bus,NOV,61,female
10482931,2019,cycle,NOV,46,female
10482970,2019,motorcycle,bus,33,male
10483151,2019,cycle,car,43,male
10483284,2019,motorcycle,truck,25,male
10483300,2019,cycle,bus,16,female
10483316,2019,motorcycle,car,30,male
10483467,2019,pedestrian,motorcycle,19,male
10483509,2019,car,car,50,male
10483512,2019,cycle,truck,22,male
10484094,2019,pedestrian,motorcycle,80,male
10484167,2019,motorcycle,cycle,33,male
10484204,2019,pedestrian,motorcycle,23,male
10484213,2019,motorcycle,NOV,27,female
10484216,2019,cycle,bus,27,male
10484357,2019,pedestrian,car,26,male
10484481,2019,pedestrian,bus,50,female
10484482,2019,motorcycle,bus,48,male
10484535,2019,pedestrian,car,19,female
10484598,2019,motorcycle,truck,23,male
10484601,2019,motorcycle,bus,35,male
10484632,2019,cycle,motorcycle,64,male
10484726,2019,motorcycle,truck,36,male
10484960,2019,pedestrian,bus,45,male
10484966,2019,motorcycle,NOV,29,male
10484976,2019,pedestrian,motorcycle,63,female
10484987,2019,bus,truck,25,male
10485043,2019,motorcycle,bus,37,female
10485043,2019,motorcycle,bus,32,male
10485168,2019,motorcycle,motorcycle,26,male
10485201,2019,pedestrian,motorcycle,61,female
10485451,2019,bus,NOV,95,male
10485525,2019,motorcycle,NOV,25,male
10485541,2019,motorcycle,NOV,22,female
10485600,2019,cycle,car,37,male
10485649,2019,pedestrian,truck,69,female
10485655,2019,motorcycle,NOV,25,male
10485656,2019,pedestrian,car,44,male
10485657,2019,motorcycle,bus,25,female
10485676,2019,pedestrian,motorcycle,72,female
10485692,2019,motorcycle,car,27,male
10485751,2019,motorcycle,NOV,32,male
10485838,2019,cycle,truck,40,female
10486122,2019,motorcycle,car,19,female
10486133,2019,pedestrian,bus,17,male
10486259,2019,pedestrian,motorcycle,72,female
10486367,2019,motorcycle,NOV,28,male
10486491,2019,motorcycle,car,26,male
10486526,2019,pedestrian,NOV,85,female
10486527,2019,pedestrian,bus,58,male
10486528,2019,pedestrian,bus,46,male
10486529,2019,pedestrian,car,32,male
10486530,2019,motorcycle,NOV,28,male
10486587,2019,pedestrian,motorcycle,58,male
10486614,2019,pedestrian,car,70,female
10486714,2019,pedestrian,car,55,female
10486794,2019,cycle,car,79,male
10486798,2019,pedestrian,bus,19,male
10487072,2019,motorcycle,motorcycle,21,male
10487104,2019,motorcycle,NOV,34,male
10487116,2019,pedestrian,motorcycle,81,female
10487261,2019,pedestrian,motorcycle,67,female
10487486,2019,pedestrian,motorcycle,19,male
10487578,2019,cycle,car,38,male
10487831,2019,cycle,bus,35,male
10487832,2019,car,motorcycle,26,male
10487837,2019,motorcycle,truck,28,male
10487963,2019,cycle,NOV,47,male
10488008,2019,cycle,bus,65,male
10488014,2019,cycle,NOV,32,female
10488248,2019,pedestrian,bus,19,male
10488336,2019,pedestrian,motorcycle,19,female
10488376,2019,motorcycle,car,20,male
10488470,2019,truck,NOV,21,female
10488577,2019,motorcycle,truck,37,female
10488578,2019,motorcycle,truck,24,male
10488579,2019,motorcycle,NOV,19,male
10488580,2019,bus,NOV,22,female
10488582,2019,pedestrian,motorcycle,59,male
10488616,2019,motorcycle,bus,34,male
10488641,2019,pedestrian,bus,72,female
10488877,2019,truck,NOV,22,male
10488930,2019,pedestrian,motorcycle,87,male
10489011,2019,pedestrian,truck,59,male
10489119,2019,pedestrian,car,71,male
10489202,2019,pedestrian,bus,2,female
10489354,2019,motorcycle,bus,23,female
10489477,2019,cycle,car,38,male
10489479,2019,pedestrian,car,43,male
10489479,2019,pedestrian,car,57,female
10489483,2019,cycle,truck,52,male
10489736,2019,motorcycle,car,36,male
10489747,2019,cycle,NOV,28,female
10489749,2019,motorcycle,truck,26,male
10489754,2019,motorcycle,truck,36,male
10489765,2019,pedestrian,truck,78,male
10489799,2019,pedestrian,motorcycle,94,female
10489895,2019,cycle,truck,40,male
10489896,2019,motorcycle,car,23,female
10489969,2019,motorcycle,NOV,25,male
10490029,2019,motorcycle,NOV,25,male
10490029,2019,motorcycle,NOV,19,male
10490061,2019,car,bus,34,male
10490258,2019,motorcycle,NOV,31,male
10490361,2019,car,truck,25,male
10490394,2019,motorcycle,bus,31,male
10490668,2019,pedestrian,NOV,73,female
10490672,2019,pedestrian,truck,83,male
10490835,2019,pedestrian,car,43,female
10490954,2019,pedestrian,car,34,male
10490955,2019,cycle,bus,55,male
10490958,2019,motorcycle,NOV,22,male
10491061,2019,pedestrian,bus,19,male
10491062,2019,motorcycle,bus,23,female
10491063,2019,motorcycle,truck,28,male
10491064,2019,motorcycle,car,25,male
10491204,2019,car,NOV,45,female
10491205,2019,pedestrian,car,19,male
10491430,2019,pedestrian,motorcycle,41,male
10491517,2019,motorcycle,bus,18,male
10491518,2019,motorcycle,car,42,male
10491519,2019,pedestrian,car,24,male
10491600,2019,motorcycle,bus,36,male
10491638,2019,pedestrian,motorcycle,45,male
10491759,2019,pedestrian,motorcycle,57,male
10491792,2019,motorcycle,car,69,male
10491798,2019,cycle,motorcycle,45,male
10491852,2019,pedestrian,motorcycle,88,male
10492075,2019,cycle,bus,30,male
10492265,2019,motorcycle,car,18,male
10492278,2019,pedestrian,bus,49,female
10492284,2019,pedestrian,motorcycle,19,male
10492417,2019,cycle,truck,25,male
10492419,2019,motorcycle,bus,24,female
10492508,2019,motorcycle,NOV,24,male
10492602,2019,motorcycle,bus,38,male
10492603,2019,pedestrian,motorcycle,74,female
10492802,2019,motorcycle,motorcycle,23,male
10492808,2019,pedestrian,motorcycle,41,male
10492824,2019,pedestrian,car,77,male
10492832,2019,pedestrian,car,27,male
10492856,2019,pedestrian,motorcycle,57,male
10492877,2019,pedestrian,car,76,male
10492884,2019,pedestrian,truck,34,male
10493005,2019,motorcycle,bus,21,male
10493225,2019,cycle,truck,54,male
10493227,2019,pedestrian,bus,19,male
10493385,2019,pedestrian,bus,53,male
10493659,2019,pedestrian,bus,19,male
10493716,2019,pedestrian,motorcycle,81,male
10493855,2019,pedestrian,NOV,69,female
10493859,2019,car,car,19,female
10493859,2019,car,car,54,male
10493915,2019,pedestrian,car,77,male
10493966,2019,pedestrian,truck,24,male
10493972,2019,pedestrian,motorcycle,48,female
10494216,2019,cycle,truck,47,male
10494296,2019,cycle,truck,26,male
10494299,2019,motorcycle,car,34,male
10494421,2019,motorcycle,NOV,40,male
10494428,2019,motorcycle,motorcycle,27,male
10494512,2019,motorcycle,car,24,female
10494515,2019,motorcycle,NOV,31,male
10494519,2019,pedestrian,motorcycle,40,male
10494595,2019,pedestrian,motorcycle,63,male
10494674,2019,cycle,bus,27,male
10494675,2019,motorcycle,bus,31,female
10494677,2019,pedestrian,NOV,51,male
10494678,2019,pedestrian,bus,29,female
10494843,2019,cycle,car,46,male
10494883,2019,motorcycle,cycle,28,male
10494948,2019,pedestrian,car,71,male
10495102,2019,pedestrian,motorcycle,29,female
10495250,2019,pedestrian,NOV,72,male
10495285,2019,cycle,car,32,male
10495396,2019,pedestrian,bus,71,male
10495684,2019,pedestrian,bus,22,male
10495842,2019,cycle,car,62,male
10495843,2019,motorcycle,truck,24,male
10495845,2019,motorcycle,truck,35,female
10495859,2019,pedestrian,bus,34,male
10495866,2019,pedestrian,motorcycle,83,male
10495973,2019,motorcycle,truck,31,female
10495974,2019,pedestrian,car,2,male
10496091,2019,motorcycle,car,24,male
10496126,2019,pedestrian,bus,65,female
10496129,2019,pedestrian,motorcycle,50,male
10496173,2019,pedestrian,car,61,male
10496189,2019,pedestrian,bus,47,female
10496836,2019,motorcycle,cycle,23,male
10496837,2019,motorcycle,bus,34,male
10496838,2019,pedestrian,truck,15,male
10496839,2019,motorcycle,NOV,25,male
10496840,2019,motorcycle,NOV,28,male
10496842,2019,pedestrian,bus,22,male
10496935,2019,pedestrian,car,22,male
10497006,2019,motorcycle,truck,38,male
10497261,2019,pedestrian,car,23,male
10497349,2019,motorcycle,truck,25,female
10497350,2019,pedestrian,car,26,female
10497605,2019,pedestrian,motorcycle,64,male
10497665,2019,motorcycle,car,28,male
10497817,2019,pedestrian,motorcycle,77,male
10498037,2019,motorcycle,bus,50,female
10498039,2019,pedestrian,NOV,75,male
10498048,2019,pedestrian,motorcycle,75,male
10498084,2019,pedestrian,motorcycle,72,male
10498250,2019,pedestrian,truck,19,male
10498268,2019,cycle,bus,29,female
10498318,2019,cycle,car,19,male
10498319,2019,motorcycle,truck,29,male
10498320,2019,motorcycle,car,19,male
10498496,2019,cycle,NOV,22,female
10498497,2019,pedestrian,car,50,female
10498578,2019,pedestrian,cycle,59,female
10498635,2019,motorcycle,NOV,26,male
10498819,2019,pedestrian,motorcycle,47,male
10498907,2019,motorcycle,cycle,23,male
10498924,2019,motorcycle,car,23,male
10498930,2019,motorcycle,car,19,male
10499021,2019,pedestrian,motorcycle,71,female
10499027,2019,pedestrian,cycle,19,female
10499080,2019,motorcycle,car,25,male
10499083,2019,motorcycle,NOV,20,male
10499185,2019,cycle,truck,16,male
10499275,2019,pedestrian,car,74,male
10499368,2019,motorcycle,truck,46,male
10499377,2019,pedestrian,bus,27,male
10499382,2019,pedestrian,bus,78,male
10499388,2019,motorcycle,truck,32,female
10499429,2019,motorcycle,bus,36,male
10499539,2019,car,car,68,male
10499602,2019,pedestrian,motorcycle,86,male
10499603,2019,pedestrian,bus,87,female
10499604,2019,motorcycle,NOV,23,female
10499606,2019,motorcycle,car,23,male
10499652,2019,pedestrian,motorcycle,80,male
10499654,2019,pedestrian,car,19,female
10499672,2019,pedestrian,car,75,male
10499689,2019,pedestrian,motorcycle,31,male
10499691,2019,pedestrian,motorcycle,76,male
10499760,2019,cycle,bus,56,male
10500130,2019,motorcycle,truck,20,male
10500203,2019,motorcycle,bus,27,male
10500264,2019,pedestrian,motorcycle,82,male
10500273,2019,pedestrian,car,43,male
10500285,2019,pedestrian,motorcycle,74,female
10500328,2019,motorcycle,truck,34,male
10500597,2019,motorcycle,bus,46,female
10500657,2019,pedestrian,bus,57,female
10500716,2019,pedestrian,motorcycle,84,male
10500749,2019,pedestrian,motorcycle,40,female
10500802,2019,motorcycle,NOV,37,male
10500900,2019,motorcycle,NOV,22,male
10500966,2019,motorcycle,truck,21,male
10500967,2019,pedestrian,bus,38,male
10501010,2019,pedestrian,motorcycle,32,male
10501129,2019,cycle,bus,19,male
10501134,2019,cycle,car,8,male
10501273,2019,motorcycle,bus,24,male
10501329,2019,pedestrian,NOV,86,male
10501402,2019,pedestrian,motorcycle,74,female
10501427,2019,bus,bus,54,female
10501518,2019,motorcycle,motorcycle,34,male
10501519,2019,motorcycle,bus,20,male
10501528,2019,pedestrian,motorcycle,19,male
10501557,2019,pedestrian,motorcycle,82,male
10501561,2019,car,bus,31,male
10501681,2019,pedestrian,bus,51,male
10501700,2019,cycle,car,19,male
10501776,2019,cycle,truck,38,male
10501926,2019,cycle,bus,24,male
10501935,2019,pedestrian,car,5,male
10502092,2019,cycle,bus,14,male
10502436,2019,pedestrian,car,71,female
10502518,2019,pedestrian,car,21,male
10502824,2019,cycle,bus,20,male
10502889,2019,pedestrian,car,21,female
10502898,2019,motorcycle,bus,37,male
10502898,2019,motorcycle,bus,19,female
10502899,2019,cycle,NOV,9,male
10502900,2019,motorcycle,car,23,male
10503072,2019,motorcycle,truck,23,male
10503180,2019,motorcycle,car,33,male
10503181,2019,motorcycle,truck,26,male
10503181,2019,motorcycle,truck,19,female
10503182,2019,motorcycle,car,23,male
10503300,2019,cycle,bus,46,male
10503416,2019,pedestrian,bus,65,female
10503450,2019,pedestrian,bus,76,male
10503512,2019,pedestrian,motorcycle,61,female
10503526,2019,pedestrian,bus,27,male
10503799,2019,pedestrian,car,54,female
10503880,2019,motorcycle,NOV,22,male
10503909,2019,cycle,NOV,22,male
10503992,2019,pedestrian,bus,1,female
10504098,2019,pedestrian,car,34,female
10504099,2019,bus,NOV,28,male
10504202,2019,pedestrian,bus,19,male
10504204,2019,pedestrian,motorcycle,58,female
10504352,2019,cycle,bus,51,male
10504480,2019,motorcycle,bus,21,female
10504568,2019,pedestrian,motorcycle,80,female
10504569,2019,motorcycle,NOV,22,male
10504569,2019,motorcycle,NOV,20,male
10504632,2019,cycle,NOV,31,male
10504634,2019,motorcycle,NOV,27,male
10504658,2019,pedestrian,car,19,male
10504743,2019,motorcycle,NOV,31,male
10504767,2019,motorcycle,car,29,female
10504767,2019,motorcycle,car,27,male
10504777,2019,pedestrian,car,75,female
10504793,2019,cycle,truck,79,male
10504864,2019,pedestrian,car,39,male
10504868,2019,pedestrian,motorcycle,85,male
10505237,2019,motorcycle,NOV,26,male
10505248,2019,motorcycle,truck,44,male
10505254,2019,motorcycle,bus,20,male
10505382,2019,motorcycle,bus,29,female
10505394,2019,pedestrian,bus,13,male
10505523,2019,pedestrian,cycle,20,male
10505543,2019,pedestrian,motorcycle,48,male
10505545,2019,motorcycle,bus,30,male
10505553,2019,cycle,car,21,male
10505706,2019,pedestrian,car,66,female
10506047,2019,pedestrian,NOV,76,male
10506060,2019,motorcycle,bus,32,male
10506217,2019,pedestrian,motorcycle,36,male
10506383,2019,pedestrian,motorcycle,19,male
10506414,2019,pedestrian,motorcycle,55,male
10506536,2019,motorcycle,NOV,38,male
10506555,2019,cycle,truck,21,male
10506678,2019,motorcycle,bus,55,male
10506679,2019,motorcycle,car,24,male
10506872,2019,motorcycle,NOV,29,male
10507051,2019,motorcycle,bus,28,female
10507052,2019,motorcycle,NOV,24,male
10507224,2019,bus,cycle,48,male
10507268,2019,pedestrian,car,61,male
10507371,2019,pedestrian,truck,82,female
10507854,2019,pedestrian,motorcycle,77,male
10507855,2019,pedestrian,car,57,male
